query,YTID,title,description
weird engine sound,Bad9JIBFoOI,What Does Engine Knock /Rod Knock Noise Sound Like? - Watch and Listen!,Listen to what an engine knock/rod knock sounds like on any combustion engine. The difference between an engine knock and a ...
weird engine sound,ChhHs0ZBfWU,5 of the Worst Sounds Your Car Can Make,"The sounds your car makes can tell you a lot about what's going on under the hood. Problems like a bad CV joint, flooded engine, ..."
weird engine sound,mHlOgWAP5ZM,5 Disturbing Car Noises and What They Mean,Not the noises you want to hear from your car #CarTip #CarTips #CarMaintenance #DIY.
weird engine sound,UqLXwN2GNeU,How to Fix Rattling Engine Noise in Your Car,"Engine rattling noise. How to fix rattling engine noise in your car, DIY with Scotty Kilmer. How to fix your car when it rattles with the ..."
weird engine sound,qCJ4Y63pGt0,Weirdest Things Stuck Up Exhausts and Sound l Cars and Engines,This video features Weirdest Things Stuck Up Exhausts and Sound. If you wanna see some crazy and weird exhausts by cars and ...
weird engine sound,NEfKpBZ0Q7s,Renault 1.6 16V weird unknown engine sound - SOLVED!,"Renault 1.6 16V engine problem, sounds like hydraulic lifters, VVT pulley and VVT actuator, but they are all new... don't know ..."
weird engine sound,RNIwdVYIEKI,The best engine sound EVER!!!,ONE WORD: WOW!!!!! .............................................................. Instagram ‚Äì http://www.instagram.com/carwow Tiktok ...
weird engine sound,JDxH9AFTbbw,The same firing interval but different sounds? #2jz #rb26 #v6 #350z #honda #porsche #boxer #engine,
weird engine sound,9JZmBbM63Zc,BMW 2007 328i e90 N52 Weird Engine Noise,Any idea what it could be or is this normal?
weird engine sound,gNX3-56yI-s,weird engine sound,"The engine in my 1992 maxima se makes this harsh loud purr when it is cold and idling, or cold and I'm shifting and it's at low ..."
weird engine sound,4--OjILjsOw,My Gokart Engine sounds weird,
weird engine sound,nNVzkNGLaPc,Weird engine sound,
weird engine sound,KIbseL0saJE,I40 crdi weird engine sound,
weird engine sound,AqhGAKVcenQ,Weird engine sound,What is this sound?
weird engine sound,PX-1TggNgIA,BMW 335i N54 Weird engine sound.,2007 335i Stock motor @ 100k. The car came back a week ago from a head gasket job while replacing a couple new valves and ...
weird engine sound,Wavfvx8CaYo,Drz400sm weird engine noise.  What is it?,Drz weird noise. Can you tell me what's wrong?
weird engine sound,02jzBtMuqss,BMW N52 Weird Chugging/Popping noise,
weird engine sound,cfn4-zPiwTo,KLR 650:  Weird Engine Noise vs Normal,"These are both 2006 KLR 650s, both have the same oil type and oil level. They both have the Eagle Mike Doohicky done."
weird engine sound,cF6pJB7t8uw,"If you hear that lifter tick, you must quit‚Ä¶. Driving it! #cartips",
weird engine sound,RO2nJcNMw2Q,Weird noise coming from turbo,"Turbo, wrx, sti, subaru."
weird engine sound,PonerE5EK1w,My engine makes a weird sound...,
weird engine sound,IQ1C7PNCuhM,A weird sound from brushless motor,"When I testd my brushless motor, it started to make this weird sound after reaching 60% throttle but I couldn't identify the reason."
weird engine sound,zDqkxr_9-SQ,Corsa C weird engine sound,
weird engine sound,8Q1GCLkJoAs,Weird Rattling Sound on Subaru Forester 2021,Subaru Forester Wierd Rattling Sound. Dealer says this is normal?!
weird engine sound,4FwGJRPmOv0,N54 Weird Engine Sound,"After a long traffic drive I heard my car buzzing, but it stopped after a couple minutes 2009 BMW 135i."
weird engine sound,SFpmj0XkAT0,"Clunking, Vibrating From the Dash? Whats That Noise in My Car or Truck",Shop for New Auto Parts at 1AAuto.com http://1aau.to/c/157/ab/blower-motor-resistor What does a bad blower motor sound like?
weird engine sound,2mZ7NhgXExg,f30 weird noise while accelerating,2013 335i.
weird engine sound,KrwH9nl2ZVQ,GTR downshifting weird engine sound!?,
weird engine sound,X17cENNX4IA,Hypermotard weird engine sound,
weird engine sound,WdEYENPe4qY,BMW E60 530d Weird engine sound,"After remove the oil cap... What is that weird sound? It is normal? The engine does not lose power, and it's working normal."
weird engine sound,8t5ORhjIsQE,"Weird engine sound from 327, help?!!","I have this 327 engine the first I ran it worked fine, then I had to take it out again to take the transmission out, I replaced the oil pan ..."
weird engine sound,ACI0SRXpv9A,2014 Silverado weird engine noise at 1200rpm,Noticed a weird sound from my engine when the RPM drops through 1200 rpm during idle or slowing down.
weird engine sound,V9Vt_Q1L3KA,(PLEASE HELP)! Alfa Romeo Brera 2.2 JTS - Weird engine noise,Can anyone help diagnose this sound coming from the engine of my Alfa Brera 2.2 JTS? It is the higher pitched metallic whirring ...
weird engine sound,jseT3uoHBoM,Land Rover Discovery 3 weird engine noise,"07 Disco3, SE, Auto, 97000kms, and a weird noise is coming from the right top side of the engine bay. Only lasts for a few seconds ..."
weird engine sound,E4OKo7Rbk0w,Interceptor 650 Weird whistle sound from the engine. If you know what the sound is please tell me,
weird engine sound,4ZWnPv4A5XY,2003 Audi A4 1.8t weird engine noise,Knocking sound right after the engine starts...the car hasn't been started in almost two years. Can anyone tell me whats the ...
weird engine sound,wgy1_utGTz8,Weird engine sound on F850GS,at 1st second. Listen twice to see the difference. :)
weird engine sound,qvg1UtyRn_Y,4runner Weird Engine Noise,This is a recording of the sound the 2014 (5th gen) 4runner makes when the ignition is turned off. Sorry about the wind noise!
weird engine sound,F-8QpJ8SPuI,Weird Tapping sound 2.5L skyactiv engine,Happens when engine is cold sometimes. Sound goes away once coolant fully warmed up. From a 2019 Mazda CX-5 Skyactiv-G ...
weird engine sound,125BcgK7IXY,2012 Mk6 gti weird noise when turning off,130000 miles.
weird engine sound,sjsVGZluavA,Kawasaki KLR 650  weird engine noise,Some weird noise coming from the engine. Anybody had this issue before?
weird engine sound,9I8oRscA5i4,2017 Kia Sportage Weird Engine Noise Update,This video is an update of a previous post I did where I let you hear the weird metallic sound that happens around 2000 RPMs.
weird engine sound,8Ii7j4KowgE,Cougar weird engine noise,2.5 V6 atx cougar making weird noise from engine.
weird engine sound,6KcscYXnO34,Insignia 2.0 CDTI 160HP weird noise from engine,"Insignia 2.0 CDTI 160HP (A20DTH engine) weird noise from engine. Cold engine, 5*C temperature outside and about 1 kilometer ..."
weird engine sound,SpqSAp1CcHk,dominar 250 weird engine noise,
weird engine sound,trFNVq2V6_U,Alfa Romeo 159 2.4 JTDm 154kW weird sound from engine,"Sound comes from timing belt area. Micro belt is removed. Water pump, belt and tensioner is changed with new one. Did anybody ..."
weird engine sound,LC3I_IN3upE,Engine knock &amp; rattle: accessory belt pulleys or engine internals?,"After replacing the accessory belt and idler/tensioner pulleys, this Ford Duratec HE developed an annoying knock or rattle under ..."
weird engine sound,brAxTp1MrlA,Weird Engine Sound,
weird engine sound,31Gd-n5xf_o,2012 BMW 328i E93 weird squealing noise,"I have no idea what this noise is, can someone please identify."
weird engine sound,cx05jsk-gs8,KTM SMR- Weird engine sound!! listen !! this is not good !,grazy sound in the engine of a ktm 690 smr please leave a comment ;) what you think it is?? SORRY;)
engine buzzing/farting sound,pppl2MascDE,240D engine buzzing/farting sound?,"got a weird buzzing/kinda farty noise when I give it more fuel, intermittent when idle, any idea what it could be?"
engine buzzing/farting sound,cmzd4BXS6RI,Fuel Tank Is Farting? Let Me Explain What You Are Hearing - Master Tech Explains,
engine buzzing/farting sound,aG4SsMGFsgg,2014 Ford Fusion gas tank noise,Can someone please help. What is wrong with my car???
engine buzzing/farting sound,KBGVoWCLQ30,when i press gas pedal it makes noise,I am driving Mazda 6 2006. I noticed that when i press gas pedal it makes noise. As soon as I take my foot off from gas pedal it's ...
engine buzzing/farting sound,4W2LTiFNbhQ,Honda S2000 &quot;Clunk&quot; / &quot;Fart&quot; noise when turning off engine,"My 2007 Honda S2000 makes a ""clunk"" or ""farting"" noise when turning off the engine. Is this caused by the K&N FPIK intake?"
engine buzzing/farting sound,AnARhaUAOcI,2008 Mini Cooper S hardtop N14 engine farting noise on engine shut off,2008 Mini Cooper S hardtop N14 engine farting noise on engine shut off.
engine buzzing/farting sound,dWrIM3znv1s,Hyundai Infamous Ticking/Tapping Noise Resolved,"Mysterious Ticking ,Knocking, Tapping Noise From Engine Valve Cover area explained:) In this video shown 2013 Hyundai ..."
engine buzzing/farting sound,wc-ehalA8EQ,loud fart sound effect,poop funny.
engine buzzing/farting sound,KysLDl5_CSU,BMW 320i strange farting sound,"Having this really weird farting sound from my engine, can any1 tell me why??"
engine buzzing/farting sound,qj19hQ50Lv4,Noise from under the hood | AUTODOC TIPS,Noise from under the bonnet that shouldn't be ignored | AUTODOC Noticing and fixing the failures of the engine and related ...
engine buzzing/farting sound,r5WDYadu5XQ,2013 Ford Fusion Titanium: Weird Squeaky Fuel Tank,"Apparently my car now has gas in more ways than one... This sound intermittently began happening a few days ago, ..."
engine buzzing/farting sound,L0LQTiWhHvM,"If You Hear This, Stop Driving and Pray","If Your Car Clunks, Stop Driving and Pray Subscribe for more daily vids ..."
engine buzzing/farting sound,0VC7KI2WC00,Crazy Exhaust Rattle,
engine buzzing/farting sound,kMXLXuFMjOM,MICROPHONE FART PRANK üòÇ #shorts,
engine buzzing/farting sound,4whdi-dxaE8,Ranking Fart Noises,
engine buzzing/farting sound,iBAEt06J2Ho,dramatic fart sound effect,freecakebanditandmightylaz Subscribe to https://youtube.com/@cakebandit.
engine buzzing/farting sound,8wjG5KV3dTE,SYMPTOMS OF A BAD PURGE VALVE,"In this video, you will learn 5 symptoms of a bad purge valve. Watching this video will help you diagnose whether it is time to ..."
engine buzzing/farting sound,p1VOUTRNvOE,Best Fart EVER!!,Amazing fart that sounds like a plane engine starting!
engine buzzing/farting sound,COaFOK0U0rU,Mosquito Flying Buzz Sound Effect,Mosquito Flying and Buzzing Sound Effect.
engine buzzing/farting sound,W1reVcnF_Ys,My Boiler is Intermittently Making a Strange Noise?,Watch our video to find out how to fix a rumbling noise in your Ideal boiler caused by reverberation.
engine buzzing/farting sound,KelWjkZSDCI,How To Fix Squeaking/Beeping Noise Coming from Motorcycle,Is there a Squeaking or beeping noises coming from your motorcycle? Do you want to know how to fix it? How can you fix this ...
engine buzzing/farting sound,F6aQAsDeQcM,When Your Grill Makes a Humming Sound,"If you hear a humming or hissing sound coming from your gas grill, watch this video. For more information, visit: ..."
engine buzzing/farting sound,Xpo5U5mUPn4,causes of gearbox noise and result after repair #shorts,"causes of gearbox noise and result after repair Opel Astra 1.7 cdti, gearbox M32,"
engine buzzing/farting sound,YJffWB63rDo,BMW 135i engine buzzing,BMW 135i engine buzzing.
engine buzzing/farting sound,gM6VvtA072w,How To Make The CLASSIC Hand Fart Noise EASY,Short tutorials round 2! This one is definitely a crowd pleasure and an essential if you're like 12. As always make sure you give it a ...
engine buzzing/farting sound,1yd2wiqsR9k,Honda engine rattle noise FIXED!,VVT actuator causing a rattle noise when cold start the car in the mornings. Don't get ripped of by anyone saying it needs chains ...
engine buzzing/farting sound,5c3L-gSvUP4,I FOUND THE ORIGIN OF THE REVERB FART SOUND,
engine buzzing/farting sound,2y3LorLMocY,mega cat farting sound scare,
engine buzzing/farting sound,UzbLa0oVnho,(warning loud noise),
engine buzzing/farting sound,Me91vjU_uKc,What&#39;s That Grinding Sound?  BMW 3 Series,Annoying scratching / grinding sound from rear of car when accelerating. On BMW 3 series. (F30) -This is an information video ...
engine buzzing/farting sound,yrGuT_rjf68,A/C Compressor Noise,"Update: The problem has been solved, check it out here: http://www.youtube.com/watch?v=cd0DuoNs4e0 Here's a much better ..."
engine buzzing/farting sound,bNF07weK--4,Fart sound effect,
engine buzzing/farting sound,3leBqHhbTWw,Air coming out of gas tank when opening cap?? How to test/clean Evap Canister Purge Valve Solenoid,"alimech #Evap OBD II scanner: https://s.click.aliexpress.com/e/_A2Vyc5 That's a common problem, Air coming out of gas tank ..."
engine buzzing/farting sound,V20opFLzVQE,Loud Knocking/Clicking when A/C is turned on,Looking for any feedback or resolution to fix this knocking/clicking noise that I am hearing in a Jeep Patriot 2010. When I start car ...
engine buzzing/farting sound,fuAlYgmf-vQ,paad ki awaz fart sound effect paadne ki awaz ringtone üí©üí©ü§£ü§£üòÇüòÇ.,
engine buzzing/farting sound,c9wN_24ejpg,How to Make Car Sounds With a Can,
engine buzzing/farting sound,t0T03mSW9-o,Most Common Symptoms Of Bad EGR Valve | Signs of failing EGR,Signs of faulty EGR Valve. Music from #inaudio: https://inaudio.org/track/news-corporate Hope this video helps. Don't forget to like ...
engine buzzing/farting sound,0kIUBHv3PW8,Spitting And Sputtering Issue Solved,"Amazon Affiliate Link To Gumout 800002230 Carb and Choke Cleaner, 16 oz:https://amzn.to/2JASxEr."
engine buzzing/farting sound,zNGXNeH5Ybk,He lost the battle after second Fart #shorts #ring #viral,
engine buzzing/farting sound,IQTtK6h4Prg,Air Horn Blow Sound Effect,"Non-copyrighted sound effects, free to use."
engine buzzing/farting sound,dpTte1scAm0,jerma - teacher noise,stream bladee clip is from his first LA noire stream https://youtu.be/KMT8qTvtfpU?t=5379.
engine buzzing/farting sound,neSbIe9uh5w,Rough Idle? Strong Gas Smell? Here&#39;s Your Possible Problem!--Easy Fix!,"Fuel Pressure Regulators can go bad. They can cause gas leakage, rough running vehicles, a strong gas smell inside of the ..."
engine buzzing/farting sound,wPCaD15cEfg,Doctor Explains Why To Never Trust A Fart!,
engine buzzing/farting sound,ShLj0dC2_X8,‚ÄúHey Boy‚Äù Karaoke Sing Along Song | Over the Moon | Netflix After School,"Sing along to ""Hey Boy"" from Over The Moon, now streaming on Netflix. Fueled with determination and a passion for science, ..."
engine buzzing/farting sound,wQJu_fNNWww,LOUD low pressure noise when running water. HOW TO FIX IT HELP. ( hammering),Hammering or Humming in your pipes? Watch this video. I AM NOT A PLUMBER.
engine buzzing/farting sound,gNrVDmvwvzg,Rory couldn&#39;t stop laughing when Mrs Brown asked him this!üò≥üòÇ| Mrs Brown&#39;s Boys Live - BBC,Subscribe and to the BBC https://bit.ly/BBCYouTubeSub Watch the BBC first on iPlayer https://bbc.in/iPlayer-Home Mrs ...
engine buzzing/farting sound,bYThnvmX7TQ,he made a weird sound..,FULL VIDEOS ‚ûù https://www.youtube.com/channel/UCxexkDnC-6xAiAMVcPJndEg.
engine buzzing/farting sound,h95rdUO9f5A,Capture the sign of good &amp; bad coil packs sounds when removing it #nissanaltima #oilleak #valvecover,Please support me by donating so i can keep making great content. Paypal: autopurlieu@gmail.com Cashapp: $AutoPurlieu ...
engine buzzing/farting sound,rZyQc_9xc9U,Never Been Able to Fix this G35 Problem üò≠ #carshorts,
engine buzzing/farting sound,xWngS7L0x-M,Loud noisy ideal logic + combi boiler humming and screeching.,We repair install and maintain ideal boilers....this video shows the gas valve from a ideal logic boiler that was struggling to open ...
car engine noise,UqLXwN2GNeU,How to Fix Rattling Engine Noise in Your Car,"Engine rattling noise. How to fix rattling engine noise in your car, DIY with Scotty Kilmer. How to fix your car when it rattles with the ..."
car engine noise,Bad9JIBFoOI,What Does Engine Knock /Rod Knock Noise Sound Like? - Watch and Listen!,Listen to what an engine knock/rod knock sounds like on any combustion engine. The difference between an engine knock and a ...
car engine noise,2BFHzVPwfpc,How To Fix Noises Under Your Car&#39;s Hood,"Scotty Kilmer, mechanic for the last 47 years, shows how you can fix those annoying noises coming from under your car's hood ..."
car engine noise,LxQJlBwpsGo,how to fix car v belt noise properly#youtubeshorts,how to fix car v belt noise properly #youtubeshorts.
car engine noise,J3RPX8CKxvo,Chik chik noise from engine #technicalgyan #carcare #carmaintenance #carservice,
car engine noise,P6BeQMmtUmc,üò±Why my car is making a loud noise on the engine this can be 1 of the reason whyüëç,
car engine noise,fK57namo59A,"Clicking, Tapping Engine Noise? Try This Trick Before Replacing AFM Lifters! #shorts","For More Info visit us at: http://1aau.to/h/cPx/ Do you have a GM V8 engine that's starting to make that rattling, tapping, or clicking ..."
car engine noise,rJ9CT_nfqMw,muscle car sound effect | ‚ö†Ô∏èwarning‚ö†Ô∏è this video contains loud sounds etc..,pls do not wear earphones with full voliume pls enjoy the video.
car engine noise,TZzekJOiGJA,Engine ticking noise at idle,Timing chains were stretched and guides were almost gone... see my other video for further info...
car engine noise,ChhHs0ZBfWU,5 of the Worst Sounds Your Car Can Make,"The sounds your car makes can tell you a lot about what's going on under the hood. Problems like a bad CV joint, flooded engine, ..."
car engine noise,cF6pJB7t8uw,"If you hear that lifter tick, you must quit‚Ä¶. Driving it! #cartips",
car engine noise,QlkeX6dai3A,CHEVY 5.3 ENGINE CHIRPING NOISE! NOT BELT!,In today's video we take a look at a 2009 Chevrolet Silverado 1500 with a 5.3 V8 engine. The customer is complaining of a chirp ...
car engine noise,ufJ5n0yPUBo,"VW polo Engine Timing belt Noise , V.belt and Adjusted bearing pully changed (Check description)",Car was making noise after starting the engine. V.belt cost - 610/- Adjusted bearing pully cost - 850/- I got it done from a known ...
car engine noise,HReTwpAQ-Ak,Car Bonnet Engine sound Proofing üíØüí•,Car Bonnet Engine sound Proofing.
car engine noise,RFisPgZozpw,after servicing i20 Engine noise #Short#Hyundai#i20,Hyundai I20 Starting & Engine Sound MM The Car Mechanic I20 engine Sound Hyundai I20 Hyundai Engine Sound.
car engine noise,i0xPKTsG2ME,Causes of Knocking Sound in Engine While Idling,The causes of why an engine makes a knock noise when it is idling. Mechanical Knock or Detonation Knock Mechanical Knock: A ...
car engine noise,ycJJRdnTe38,Engine Idler pulley WHINE STOPS üöò‚úÖüîß,"Check pulley bearings 2 different ways. A stethoscope is always best. A 22"" or longer screw driver could be substituted."
car engine noise,4MP_k1jT5LY,Why Engine Noise in Cabin?ü§îü§î Must Check ‚òëÔ∏è Thisüëç,Why Engine Noise in Cabin?     Must Check ‚òëÔ∏è This   #cargurusupport #carcare #cartips #carreview #insurance ...
car engine noise,dY3gD-j4SVs,easy way to get rid of engine noise,found a way to do this on stevemeadedesigns.com.
car engine noise,Ov7SaZKiGMA,"WHY CAR MAKES WHINING NOISE, ENGINE WHINE NOISE","WHY CAR MAKES WHINING NOISE, ENGINE WHINE NOISE If your car makes whining noise coming from the engine and you ..."
car engine noise,pM32DoiCFi4,Solution for Rattling Noise in Cars #motowagon #carfacts #cartips #carlover,
car engine noise,vNUvh2-0b9U,Bad Engine Noises! Simple Fix DIY,In this video we show you how to eliminate most common unwanted or scary and expensive sounding noises 01274 640028.
car engine noise,xBdoqk_sNEA,Engine belt noise problem resolve / AC belt/car tips #shorts,Engine belt / AC belt noise problem resolve Hi Welcome to my channel M S 18 Life About this video. This video is about car ...
car engine noise,ZNfAyCUze_s,A Clicking Noise in a Car After an Oil Change : Car Repair Tips,"If you hear a clicking noise in your car after an oil change, this could be the result of a few key things. Learn what to do if you hear ..."
car engine noise,uZ0i00tGu3Q,FAKE engine sounds in an electric car üöòüîä,
car engine noise,mHlOgWAP5ZM,5 Disturbing Car Noises and What They Mean,Not the noises you want to hear from your car #CarTip #CarTips #CarMaintenance #DIY.
car engine noise,AFRpl49LCcQ,Engine noise in cabin ?? #shorts,
car engine noise,lg-9aT_zVtY,Ballistic Hood Armor | Eliminate Road and Engine Noise,"Ballistic hood liner is one of many barrier products in the Ballistic family. This 3/4"" universal sound suppression foam sticks to the ..."
car engine noise,QunyWALxgps,V8 Engine Startup and Revving | HQ Sound Effects,The high quality sound of a large displacement V8 engine starting up and revving. It also gets put into gear and then gets ...
car engine noise,64TXXY3lmbI,car engine noise ignore,
car engine noise,zJCzY175AG0,"WARNING. If you hear this noise, ITS NOT YOUR HEMI MOTOR. No Cam and Lifters needed. #JTtheCarGuy","Please NOTE: The bulk of my time in the comment section is spent on comments and questions from SUBSCRIBERS, If you not ..."
car engine noise,ULm6tdHVlJI,Engine Vibration feels in Car #shorts #enginevibration #carmaintenance,
car engine noise,Q3NzmcchwZI,RENAULT DUSTER . ENGINE NOISE,
car engine noise,slNh219uAnw,I Felt Engine Vibration in My Car #car #care #short #youtubeshort #trending,
car engine noise,PSdb70EIa48,Comparison: Engine Displacement of The Cars | With Sounds,This is an infinite comparison video of the different engine displacement. From smallest to the biggest engine Displacement of ...
car engine noise,cknw_dQB478,How To Diagnose Engine Noise Of Toyota Camry,How To Diagnose Engine Noise / Water Pump Of Toyota Camry 2013 #MayoCarsDR #EngineNoise #WaterPump #Camry.
car engine noise,_eXeEnENR-8,is this an engine knock sound?,
car engine noise,KykrfHLJkXY,Squealing noise during acceleration.,
car engine noise,cXYjFxz0mxY,Toyota Urban Cruiser Hyryder Makes Weird Engine Noise #shorts,
car engine noise,xX5Phiu623s,Fake engine noise for Tesla EVs is Harman&#39;s sound synthesis tech hard at work,"Harman could give your next EV some V8 rumble. Whether you want your car to sound like a bid ol' V8 or a UFO, Harman's hard ..."
car engine noise,RNIwdVYIEKI,The best engine sound EVER!!!,ONE WORD: WOW!!!!! .............................................................. Instagram ‚Äì http://www.instagram.com/carwow Tiktok ...
car engine noise,6VbHHMnUIx4,M57 engine noise,
car engine noise,WWoSrvvyRbE,AC ‡§ö‡§æ‡§≤‡•Ç ‡§ï‡§∞‡§®‡•á ‡§™‡§∞ ‡§≠‡§Ø‡§æ‡§®‡§ï ‡§Ö‡§µ‡§æ‡§ú‡•§Why is my AC in my car making noise?,Why is my AC in my car making noise? Can you hear AC compressor in car? How do I check the AC in my car? A clutch engages ...
car engine noise,8TRGWKaXj1I,2012 Hyundai Sonata Engine Noise,Just started making this nose today. Vibrates a lot as well. Not sure what is causing it.
car engine noise,xd4fBuxhgBo,Volkswagen POLO Abnormal noise while Driving,
car engine noise,-wxDUPfVLmo,MAHINDRA VERITO d4. ENGINE NOISE,
car engine noise,26uwKq4uHGg,TATA INDICA DLS ENGINE NOISE,
car engine noise,2FuyaXctDFc,Common Noise Problem on Mercedes Benz Engine 278 and 276 Part 3,Common problem with engine rattling noise on a startup. About 30 first seconds. We have performed repairs per service bulletin ...
car engine noise,FboQ5yuQtGc,Lexus LFA V10 amazing engine soundüòçüòçüòç,Have a listen to the amazing sound of the 4.8-litre V10 naturally aspirated Yamaha engine in the Lexus LFA.
car engine noise,uR3iBQnemAc,Engine Noise Kwid,
Engine knocking,Bad9JIBFoOI,What Does Engine Knock /Rod Knock Noise Sound Like? - Watch and Listen!,Listen to what an engine knock/rod knock sounds like on any combustion engine. The difference between an engine knock and a ...
Engine knocking,EuHy_Vpx514,What is Engine Knocking? | Skill-Lync,Engine Knocking is a very common occurrence in IC engines. It occurs due to the improper combustion of the air-fuel mixture ...
Engine knocking,Ac4wwVjxRBE,How To Tell If Your Car Engine Is Knocking,"In this video, I tell you how to tell if your car engine is knocking. Many people hear various noises coming from their car engine, ..."
Engine knocking,SGLQMuEAh-w,What Causes Engine Knock,
Engine knocking,_eXeEnENR-8,is this an engine knock sound?,
Engine knocking,LONT1oboJrs,First Start Up Engine Knock Prank! Ford E350,Sonny just finished installing an engine in this Ford E350 Van. Anthony thought it would be funny to do this on the first initial start ...
Engine knocking,maZyPJIOknE,Engine Knock Sound - Explained,What is the knocking sound coming from my engine? What is engine knock? Why is my engine making a knocking noise? Engine ...
Engine knocking,JH028wUn9mE,What Engine Knock sounds like #Shorts,Here's what what engine knock sounds like. Just in case you've been asking what does engine knock sound like? Here it is.
Engine knocking,kBWXxWD7g30,Engine knocking sounds,"Help wanted!! After service this knocking sounds started. I was in couple service, and they didn't know what is it!! I haven't found ..."
Engine knocking,FjEAfgi83po,"Knocking, Detonation and Pre-ignition [Engine Combustion Working Animation] Lecture by Shubham Kola","Subject - Power Engineering Chapter - Knocking, Detonation and Pre-ignition in engine cylinder Timestamps 0:00 - Start 0:08 ..."
Engine knocking,i0xPKTsG2ME,Causes of Knocking Sound in Engine While Idling,The causes of why an engine makes a knock noise when it is idling. Mechanical Knock or Detonation Knock Mechanical Knock: A ...
Engine knocking,xf1_cfhyUe8,Stop Engine Knock With Oil Additives - Will It Work?,"Let's see if a popular oil additive can stop engine knock. ‚ùóÔ∏èIf you find this video helpful, I would appreciate a $uper Thanks that ..."
Engine knocking,cF6pJB7t8uw,"If you hear that lifter tick, you must quit‚Ä¶. Driving it! #cartips",
Engine knocking,74HuLRCBeBo,Knocking Noise In Engine - Simple Fix for FREE,There was a knocking noise in my engine. Why is my engine making a knocking noise? I was able to fix mine for FREE $0!
Engine knocking,okXjj_RGc7Q,Engine knocking,Opel insignia.
Engine knocking,KdGA1vlmB4A,What Engine Knock (Rod Knock) Sounds and Looks Like!,This is footage from my small block chevy 350 that recently spun the #3 rod bearing. This video shows the common knock or tick ...
Engine knocking,mAOyl7bIjT0,How I fixed my KNOCKING and PINGING engine for $7 dollars!,Replacing an engine is scary. You might as well replace the whole car. (depending on how old your car is) Here is how I stopped ...
Engine knocking,VPJqRxf17os,If only customers really knew how I fix there rod knock,
Engine knocking,UqLXwN2GNeU,How to Fix Rattling Engine Noise in Your Car,"Engine rattling noise. How to fix rattling engine noise in your car, DIY with Scotty Kilmer. How to fix your car when it rattles with the ..."
Engine knocking,-9pKzLsBEAA,Top causes of excessive diesel knock,knock #diesel #engine In this video we will look at top causes of excessive diesel knock 1. Low-quality fuel 2. Incorrect fuel ...
Engine knocking,6_b0dmR6dZA,new sti engine knocking,
Engine knocking,PP2Cgb7w0g4,Understanding Knocking vs preignition #shorts  #shortsvideo #automotive,Join this channel to get access to perks: https://www.youtube.com/channel/UChEBjWFWzDNW1wpMqo0Ebbg/join.
Engine knocking,ChhHs0ZBfWU,5 of the Worst Sounds Your Car Can Make,"The sounds your car makes can tell you a lot about what's going on under the hood. Problems like a bad CV joint, flooded engine, ..."
Engine knocking,SEj9cdB6L10,ENGINE KNOCK,
Engine knocking,Jj6NqsBMifs,"Range Rover engine failure, main bearings failed , engine knocking and oil filter filled with metal",
Engine knocking,iOHqRXMGjDk,Engine Knock,Spectrogram 16 used to show what knock looks like and identify it's frequency. Knocking sound on overrun is likely just piston slap ...
Engine knocking,iiDICYDN2YI,Reasons For The Engine Knocking Sound,
Engine knocking,UzOFVElzD-w,2017 Kia soul engine knocking,Knocking no explanation.
Engine knocking,y9VCkP9AtlM,Engine Loud knocking Noise Solved!,Engine Loud knocking Noise Solved! #rashorts #rareacts #rafixes.
Engine knocking,JIOdS7XbHys,How To Diagnose An Engine Knock.MP4,Engine noises aren't to hard to diagnose if you follow a few steps.
Engine knocking,A3k5F9dUdi4,Harley Davidson engine knocking prank,"Harley Davidson engine knocking prank‚Äî‚ÄîPlease like, share and subscribe IG: Tommyfriedrice."
Engine knocking,p0MYlXoWj2A,Engine knock or ticking stopped!!,how to stop engine knock or ticking with a simple solution without damaging your engine stop noise and sounds. what engine oil ...
Engine knocking,dsQhGZLtCtY,Why is My Engine Knocking or Pinging?,Trust the auto repair experts at Burke Centre Auto to properly diagnose your engine for knocking or pinging sounds. To learn more ...
Engine knocking,uWx1cXR7x_M,Knocking In Internal Combustion Engine,"This video explains the term knocking, related to Internal Combustion Engine working on petrol."
Engine knocking,Kpbgmswmkf4,"Audi A3, S3 GTI Golf R, Engine knocking sound - Camshaft oil actuator",I was chasing this sound and eventually was able to fix this - something the dealerships and repair shops could not diagnose.
Engine knocking,IRcZo89RJzI,Ticking or Knocking Engine,"Ticking or knocking engine. It's normal for an engine to make some ticking noises, but knocking noises are a sign of internal ..."
Engine knocking,jb_wryBjfHg,Knocking vs Preignition #shorts #3danimation #automotive,Join this channel to get access to perks: https://www.youtube.com/channel/UChEBjWFWzDNW1wpMqo0Ebbg/join.
Engine knocking,wmtBqNnnvrs,Ever Wonder What Rod Knock Sounds Like?,"This 4runner with the 3VZE 3.0L V6 has some pretty serious rod knock. A lot of times people try to pass off rod knock as lifter tick, ..."
Engine knocking,MD2qXTXKQo0,Cummins 870 ISX knocking noise might be your injector coming apart. ...,Edited by YouCut:https://youcutapp.page.link/BestEditor.
Engine knocking,YAdS9K5OTEA,Engine knocking #shorts #vigyanrecharge #Shorts,About video :- Engine knocking #shorts #vigyanrecharge #Shorts #shortsvideo #shortsfeed #shortshelf JUST CLICK TO ...
Engine knocking,dXDcVqmQa_I,Sounds like a Rod Knock but it&#39;s NOT. Get a second opinion!,
Engine knocking,LC3I_IN3upE,Engine knock &amp; rattle: accessory belt pulleys or engine internals?,"After replacing the accessory belt and idler/tensioner pulleys, this Ford Duratec HE developed an annoying knock or rattle under ..."
Engine knocking,7JFAW9AuAt8,prius knocking noise | prius engine damage | prius loud engine noise | MZA AUTO&#39;S REPAIR,prius loud engine noise prius engine abnormal noise prius knocking noise prius engine connecting rod noise prius engine ...
Engine knocking,fdhQQFIoWMU,Prius making a knocking noise after cold start. #howto      #toyota  #prius #repair,
Engine knocking,ZgYE8LuXwog,KX125 Has LOUD Engine Knock‚Ä¶ü•¥,Best Sounding 125 Two Stroke!!! 2022 YZ125 vs KX125 Pure Sound https://youtu.be/O2LGRwqymfA #twostroke #dirtbike #shorts ...
Engine knocking,mYfPXCCHLPI,Toyota aqua | toyota prius knocking and rattling sound engine,This rattling and knocking occurs in hybrid cats due to problem in plugs injectors and petrol issues.
Engine knocking,29t2gZ9sgZM,2012 DUCATI 848 KNOCKING SOUND PLEASE HELP!,
Engine knocking,-YhcRRQbNao,Gen 5 DD engine ticking noise.  Engine knocking.Guess where it‚Äôs coming from.,Brand new engine. 30k miles and needing some love. Can you hear the loud ticking form the eng. Guess where its coming from.
Engine knocking,hRTRVEq37zs,D16z6 engine knocking?? Can anyone help me figure out what‚Äôs going on with this engine?,
Engine knocking,mh1TE7DQcc0,Gumout stops engine knock #shorts,"Developed engine knock on the 2017 Accord. Inspected and sure enough, it was due to carbon build up. Dumped Gumout all in ..."
Engine bad sound,ChhHs0ZBfWU,5 of the Worst Sounds Your Car Can Make,"The sounds your car makes can tell you a lot about what's going on under the hood. Problems like a bad CV joint, flooded engine, ..."
Engine bad sound,Bad9JIBFoOI,What Does Engine Knock /Rod Knock Noise Sound Like? - Watch and Listen!,Listen to what an engine knock/rod knock sounds like on any combustion engine. The difference between an engine knock and a ...
Engine bad sound,cF6pJB7t8uw,"If you hear that lifter tick, you must quit‚Ä¶. Driving it! #cartips",
Engine bad sound,_eXeEnENR-8,is this an engine knock sound?,
Engine bad sound,3j9Za7jSGC8,What Bad Engine Noise Sounds Like,Can you tell what the noise is on this Ford escape? it's not good. Actually this is cylinder 4 rod knock. Lower end rod bearing is ...
Engine bad sound,mHlOgWAP5ZM,5 Disturbing Car Noises and What They Mean,Not the noises you want to hear from your car #CarTip #CarTips #CarMaintenance #DIY.
Engine bad sound,vBaW6S-GSeM,Sound of a Dying Engine - Bad Crankshaft Bearing or Piston Knocking?,
Engine bad sound,UqLXwN2GNeU,How to Fix Rattling Engine Noise in Your Car,"Engine rattling noise. How to fix rattling engine noise in your car, DIY with Scotty Kilmer. How to fix your car when it rattles with the ..."
Engine bad sound,JH028wUn9mE,What Engine Knock sounds like #Shorts,Here's what what engine knock sounds like. Just in case you've been asking what does engine knock sound like? Here it is.
Engine bad sound,FVECSR3nT28,"If You See This, Your Engine is Screwed",How to Tell if Your Head Gasket is Bad Subscribe for more daily vids ...
Engine bad sound,NAzrJRvw_z4,What Engine Timing Problems Sound Like,This 2004 experienced a timing chain tensioner failure which resulted in an extremely loud engine noise. Unfortunately the valves ...
Engine bad sound,dXDcVqmQa_I,Sounds like a Rod Knock but it&#39;s NOT. Get a second opinion!,
Engine bad sound,fK57namo59A,"Clicking, Tapping Engine Noise? Try This Trick Before Replacing AFM Lifters! #shorts","For More Info visit us at: http://1aau.to/h/cPx/ Do you have a GM V8 engine that's starting to make that rattling, tapping, or clicking ..."
Engine bad sound,H8O_E1GVfvA,Seized Engine - How To Check,shorts #motorcarnut.
Engine bad sound,_DCCDisByMc,Car Engine Not Starting Noise - Sound Effect,"Re-imagine Fitness! Earn, Socialize, Play, and Compete in the first Health Metaverse, powered by augmented reality."
Engine bad sound,vNUvh2-0b9U,Bad Engine Noises! Simple Fix DIY,In this video we show you how to eliminate most common unwanted or scary and expensive sounding noises 01274 640028.
Engine bad sound,L0LQTiWhHvM,"If You Hear This, Stop Driving and Pray","If Your Car Clunks, Stop Driving and Pray Subscribe for more daily vids ..."
Engine bad sound,0V9gUTN7_u4,"engine sound,bad connecting rod bearing",
Engine bad sound,reTA1AkhilM,What a Dying Dodge Challenger sounds like before the engine blows up - 2013 Dodge Challenger,
Engine bad sound,RqtzWse-Jx8,2007-2013 Toyota Corolla A bad noisy sound on the engine area. Where it comes from? Yiannis Pagonis,To subscribe to my channel please click here https://www.youtube.com/results?search_query=yiannis+pagonis.
Engine bad sound,nABx4GwhV68,How to Tell if Your Car&#39;s Engine is Bad,How to tell if your car engine is bad DIY with Scotty Kilmer. How to test engine compression. Engine compression test. How to ...
Engine bad sound,ZSRpdY2bjY4,What Lifter Tap Sounds Like,"In this video I'll show you what ""lifter tap"" sounds like. Lifter tap is a pretty common issue on vehicles that use hydraulic lifters."
Engine bad sound,a-biXYJ6kes,Car engine failing - Sound Effect,Link to free download -https://djlunatique.com/car-not-starting-sound-effect/ Non Copyright royalty free download.
Engine bad sound,DU3dHuzZRJo,Timing Chain noise,
Engine bad sound,wKKN8gEHFfo,"If you hear this LOUD NOISE IN YOUR TRANSMISSION, STOP DRIVING. LOOK WHAT HAPPEN. #JTtheCarGuy","Please NOTE: The bulk of my time in the comment section is spent on comments and questions from SUBSCRIBERS, If you not ..."
Engine bad sound,9BfzRp0TejQ,Symptoms Of A Seized / Locked Engine - How To Tell It‚Äôs Not A Bad Starter,"Fast and easy way to check if you have a seized engine. ‚ùóÔ∏èIf you find this video helpful, I would appreciate a $uper Thanks that ..."
Engine bad sound,i0xPKTsG2ME,Causes of Knocking Sound in Engine While Idling,The causes of why an engine makes a knock noise when it is idling. Mechanical Knock or Detonation Knock Mechanical Knock: A ...
Engine bad sound,Kpbgmswmkf4,"Audi A3, S3 GTI Golf R, Engine knocking sound - Camshaft oil actuator",I was chasing this sound and eventually was able to fix this - something the dealerships and repair shops could not diagnose.
Engine bad sound,P2vALliYg3Y,What a siezed engine sounds like when you try to start it.,Sometimes a remote starter tool like this one on Amazon makes testing this easier to listen for.
Engine bad sound,iRlXwgzYV9U,Broken Engine Starter | HQ Sound Effects,The high quality sound effect of a broken car engine starter. This is a great sound to use for broken car sound effects. Everyday ...
Engine bad sound,sgm8oFHgahc,Subaru Engine Piston Slap Sound,"This Video shows you the sound of piston slap on a Subaru Impreza car engine. As a Subaru car engine gets older, the sides of ..."
Engine bad sound,VjOQcHx4M14,r9m engine timing bad sound,
Engine bad sound,Hok9NFyDKaA,R15v3 Engine noise | R15v3 Engine problemüòüüòü#r15v4 #bike #natural #r15v3,
Engine bad sound,LC3I_IN3upE,Engine knock &amp; rattle: accessory belt pulleys or engine internals?,"After replacing the accessory belt and idler/tensioner pulleys, this Ford Duratec HE developed an annoying knock or rattle under ..."
Engine bad sound,gE6BnPOkA7g,Lugging the engine,
Engine bad sound,9JZmBbM63Zc,BMW 2007 328i e90 N52 Weird Engine Noise,Any idea what it could be or is this normal?
Engine bad sound,wgZSzcgUJPw,How to tell if you have a blown motor. Roadside Rescue,A look at a blown motor. What you need to know and look at to tell if your motor is toast. Roadside rescue.
Engine bad sound,RNIwdVYIEKI,The best engine sound EVER!!!,ONE WORD: WOW!!!!! .............................................................. Instagram ‚Äì http://www.instagram.com/carwow Tiktok ...
Engine bad sound,lEHbg9yp9UA,This Means Your Engine is Bad,This Means Your Engine is Bad Subscribe for more daily vids ...
Engine bad sound,61d5lVUbT4c,Engine Misfire - Top 5 Causes #motorcarnut #automobile #misfire  #mechanic #shorts,"If you find this video helpful, I would appreciate a $uper Thanks that can be found below the video. How to perform ..."
Engine bad sound,74HuLRCBeBo,Knocking Noise In Engine - Simple Fix for FREE,There was a knocking noise in my engine. Why is my engine making a knocking noise? I was able to fix mine for FREE $0!
Engine bad sound,X4znxWa5Ot0,Rod bearing noise or a spun bearing noise,"If you ever wondered what a rod bearing noise ""looks"" like. This is it. Follow me on twitter. https://twitter.com/shospeed Due to ..."
Engine bad sound,EJg3DYUePRc,BMW 316d (F30) - N47 timing chain rattle vs healthy engine sound,I made this video because the timing chain in my N47 engine made a different noise to other videos when it needed changing.
Engine bad sound,I5u_tC8rHVU,"Engine knocking noise, bad piston rod bearing. Ford 4.9 inline six.",
Engine bad sound,cknw_dQB478,How To Diagnose Engine Noise Of Toyota Camry,How To Diagnose Engine Noise / Water Pump Of Toyota Camry 2013 #MayoCarsDR #EngineNoise #WaterPump #Camry.
Engine bad sound,c253-J6pzPk,Hydrogen Engines Don&#39;t Make Any Sense,"Hydrogen engines can give you the best of both worlds, clean emissions and a nice loud exhaust (it's what enthusiasts crave!)."
Engine bad sound,1PllZ2UmD_4,Bad engine sound Audi A4 B7 TFSI 2.0 Sedan 2005,Almost diesel sound on bad sounding Audi A4 B7 TFSI 2.0 Sedan 2005.
Engine bad sound,zoEajuv-q4Y,Gasoline engine sounds like diesel engine. What is issue,Gasoline engine sounds like diesel engine. What is issue? Look the solution video too: https://youtu.be/7PrPzOTkxo0.
Engine bad sound,IRcZo89RJzI,Ticking or Knocking Engine,"Ticking or knocking engine. It's normal for an engine to make some ticking noises, but knocking noises are a sign of internal ..."
Engine bad sound,3GrPfU7ra9Y,What is this light knocking noise / rattling / ticking on BMW M54 Engine (BMW Z4)?,Ticking/knocking/rattling noise m54 engine BMW 2004.
Engine Whining Noise,Ov7SaZKiGMA,"WHY CAR MAKES WHINING NOISE, ENGINE WHINE NOISE","WHY CAR MAKES WHINING NOISE, ENGINE WHINE NOISE If your car makes whining noise coming from the engine and you ..."
Engine Whining Noise,8PfIeB6XC6I,Engine Whine with RPM Troubleshooting - Here&#39;s How to Test for Bearing or Accessory Noise,"In this video, I show you how you can remove the serpentine belt on your vehicle to help track down an engine whine with ..."
Engine Whining Noise,ycJJRdnTe38,Engine Idler pulley WHINE STOPS üöò‚úÖüîß,"Check pulley bearings 2 different ways. A stethoscope is always best. A 22"" or longer screw driver could be substituted."
Engine Whining Noise,iUJwzWqGImo,I can‚Äôt figure out this alternator whine - It‚Äôs Unstoppable! #alternator #chevysilverado #automotive,I have attempted 3 times to switch this Alternator under Oreilly's Lifetime warranty and every single one has whined. It sounds like ...
Engine Whining Noise,5-VAr2uzZOg,Whining noise when accelerating,Annoying whining noise on my 07 Range Rover sport. Only making sounds when I press the gas.
Engine Whining Noise,qCbu7phFQTU,What causes the engine whining noise on the Camry 2012,You hear whining noise on you're 2012 ? Here what it is and what's need to be done.
Engine Whining Noise,1B75vTHJ69M,Mk7 golf whining noise from engine,"Possible chain noise, has anyone else heard this on their car? EDIT: ended up being the balance shafts seizing, engine was ..."
Engine Whining Noise,AE9oELh7vR8,What is this engine whining noise?,I just replaced my alternator and my idler pulley.
Engine Whining Noise,thlLkFaOmSU,BMW E92 330i N52 Engine Whining noise,
Engine Whining Noise,AOUptXZ8kBM,Solved! | 2004-2006 Camry Engine Whine (2.4L 4-cyl),Here's the source of a high-pitched engine whine in a 2004 Toyota Camry.
Engine Whining Noise,rUBNwHBzkiE,How To Get Rid of Engine Whining/Noise through speakers,Sorry for the ADHD filming! This had been a problem for over a year with my subwoofers but I eventually learned to get over it.
Engine Whining Noise,RIZTZE_6_eg,How to stop whining engine noises on your cars speakers,From me experiencing engines noises in my speakers while the car running. Just showing how to stop the whining engine noises ...
Engine Whining Noise,-0VViTXMYbw,What do you think this whining noise is? 2007 Chevy Equinox #equinox #chevy,
Engine Whining Noise,hmPUUVwIJUU,Noisy Whining Alternator,"This alternator on a Toyota, came in with the owner complaining of a whine under the hood. The whine would stop and start as I ..."
Engine Whining Noise,_pKmO1q8z4o,Engine Whining Noise Problem - Solved!,Got an issue with a whining noise in your engine? Check out the video for my diagnosis and fix for this issue on a 2006 Honda ...
Engine Whining Noise,94JU-KLzJXc,TRANSMISSION WHINING NOISE WHEN ACCELERATING,Transmission whining noise when accelerating Top5autorepairs Subscribe.
Engine Whining Noise,p8opN-JopS8,Whining Noise 2016 Chevrolet Silverado 5.3,Whining noise 2016 Chevrolet Silverado 5.3.
Engine Whining Noise,EJmbRHpGEFI,Hellcat Redeye Supercharger whine,Subscribe!!
Engine Whining Noise,QLMN5dhsQes,Man Tries to Fix Whining Noise On Car,"This man kept hearing an odd whining noise coming from inside the cab of his Toyota FJ Cruiser, but seeing as he is new to the ..."
Engine Whining Noise,WQ5BAC56y7U,Whining Sound Silverado 1500 5.3,Whining sound from 2020 Silverado LT Trail Boss from engine bay that follows engine RPM.
Engine Whining Noise,IKW7Yhq9TfU,06 Volvo s40 whine noise from engine bay,My 06 Volvo s40 had a high pitched noise coming from the engine compartment. I found it to be the electric steering pump.
Engine Whining Noise,wqctbLJqjvE,2004 Honda Accord 3.0L V6  whining noise,"Whenever i apply gas a whine emits from the belt side of the engine. Replaced alternator, fixed P.S. pump, but still not getting ..."
Engine Whining Noise,ANAQfJYZ0is,2009 Honda Pilot Strange whining sound on cold start up,It only happens in the morning. Sound comes from the engine.
Engine Whining Noise,KykrfHLJkXY,Squealing noise during acceleration.,
Engine Whining Noise,UIXEtxOS8dA,D4d engine Whining noise,
Engine Whining Noise,YL1OAept9P4,How to Diagnose Engine Whining and other noises.,This is a 2006 dodge magnum 3.5 which is making some noise when running. I used a stethoscope to determine which ...
Engine Whining Noise,J11Z6a6ORiw,2017 Toyota Sienna Whining Noise - Transmission problems,"Toyota Sienna 2017 with around 11k miles making a whining sound after 40mph, very disappointing for 1 year old Toyota."
Engine Whining Noise,V3_Tpzssws0,1990 Miata whining noise,This is the noise after warning up. All 3 belts are on. Gates 9355 alternator belt. Non FSM timing belt tensioning method.
Engine Whining Noise,cn0MGcacyl8,Ford Vehicle Noises #8: LOUD Howling Whining Noise Cold Start Only,In this video we give a great example of a failing Alternator causing a loud howling noise. Modular Engine Alternator ...
Engine Whining Noise,BxellocfBnw,2014 Honda Accord whining noise,2014 Honda Accord whining noise?
Engine Whining Noise,4o_jJE2SHVw,Ford C-Max / Fusion Hybrid | Whining Noise with Engine Running - Explained,
Engine Whining Noise,ne6V8WQ_0Pg,09 370z whining noise,"First rev is with the clutch pedal out, second is with the pedal pressed in."
Engine Whining Noise,2D8wGkFFZKo,2014 Mercedes-benze C250 whining noise.,
Engine Whining Noise,7dBXAx3En1w,2008 Scion Xb engine noise (Alternator whining),This is what a failing alternator on a second generation Scion Xb sounds like.
Engine Whining Noise,i4ChM9okr0c,What is this whining noise 2006 chevy impala 3.9 liter v6,Unexplained whining noise.
Engine Whining Noise,9VLKog7FVk4,Ford Transit has whining noise when revving??,
Engine Whining Noise,Jwv_Ot5riyc,2006 zx-10r whining noise,"Trying to figure out what this engine noise is. Sounds like it is coming from the back of the motor by the tranny, but not 100%."
Engine Whining Noise,STNrDw8qpag,Inside of Car Making Whining Noise | Car Advice,This guy complains about an annoying whining noise that he hears from the inside of his car. Anyone else have this same ...
Engine Whining Noise,sckoh8Qw6fA,2021 Chevy Silverado weird whining noise,Use headphones.
Engine Whining Noise,GH69I4sZGzA,2005 Acura TSX Whining Noise from Transmission,"I've been having this problem for almost a year now. It started after I got my motor swapped at 225k, now it's at 248k and nothing ..."
Engine Whining Noise,OehnTsNVbUg,"1998-2002 Honda Accord, belt whining noise, bad pulley, bearing, tensioner, power steering pump?",
Engine Whining Noise,RkM_QCGccjM,2006 Nissan Xterra whining noise,Name that noise! Very annoying RPM constant whining noise like an RC car. Most audible around 2k.
Engine Whining Noise,3oGPbODk2q4,Mk6 gti whining noise,
Engine Whining Noise,fyB0ALta9qI,lexus is 250 whining noise engine rev,
Engine Whining Noise,r9YZghhUwvM,2004 Nissan Titan Pulley / Belt Whining Noise,Anyone have any idea how to nail down exactly where this sound is coming from? It sounds like a bearing ready to go but I don't ...
Engine Whining Noise,smlOpI4hLGY,Vauxhall Astra K 1.6Cdti whining/whirring noise when revving/acceleration. any ideas on the issue?,
Engine Whining Noise,Zx0541YnaFY,General Motors cars and trucks with a whining noise in the torque converter,vehicle talks about General Motors vehicles that have a whining noise when you put the transmission in gear.
Engine Whining Noise,JYFdAWPsjzs,bmw m3 e92 whining noise,
Engine Whining Noise,mpK0wnkst6o,2006 Honda Civic whining noise when driving,Civic makes this weird noise when driving.
Engine Whining Noise,lKoKjrObG6Y,Astra 1.6t whine/whining noise. Gearbox problem?,"Driving at 50mph in my Astra GTC 2012 1.6t. This whining noise only relies on speed, not engine revs or any gear engaged."
engine blown sounds,wgZSzcgUJPw,How to tell if you have a blown motor. Roadside Rescue,A look at a blown motor. What you need to know and look at to tell if your motor is toast. Roadside rescue.
engine blown sounds,hSZ4RYm1kTI,Blown &amp; Injected vintage 392 HEMI - Start Up,Check out our Blown / Injected vintage 392 HEMI - Here's a little Start-Up vid to get you fired up... This thing is a rare time capsule ...
engine blown sounds,BmGgvHflXgc,How the Formula 1 Blown Exhausts Sound Like - F1 2011,Flickr Page: http://www.flickr.com/photos/19bozzy92/ Facebook page: https://www.facebook.com/19Bozzy92YT Google+ page: ...
engine blown sounds,d7W1bzFSKyc,Need For Speed Underground 2 (2004) - Blown Engine From Drag Racing Sound Effects,
engine blown sounds,reTA1AkhilM,What a Dying Dodge Challenger sounds like before the engine blows up - 2013 Dodge Challenger,
engine blown sounds,9ioyCtCAEJA,What a cars engine sounds like with no Spark Plug &quot;Blown Spark Plug&quot;,"If you dont change your spark plugs in you cars engine and they start to rust, this could happen to you. If it does in this video you ..."
engine blown sounds,UqLXwN2GNeU,How to Fix Rattling Engine Noise in Your Car,"Engine rattling noise. How to fix rattling engine noise in your car, DIY with Scotty Kilmer. How to fix your car when it rattles with the ..."
engine blown sounds,Xpw6RovYXW4,Blown &#39;69 Chevelle Cold Start,"1969 Chevelle SS ""Flat Rat"" Cold Start. 460CID, 6-71 Weiand Blower."
engine blown sounds,K9kMtY5ApAo,ATV ENGINE BLOWING UP,This is what it sounds like when a Honda Rancher 350 engine blows up! I'll have the rebuild process on here in the next few ...
engine blown sounds,eC8Y35rluu0,Cold start Honda with blown engine,Starting the civic hatch.
engine blown sounds,9cA_exDmRTo,What a blown engine sounds like.  Craftsman V twin engine riding lawn mower.,"My riding lawn mower suddenly has engine problems, sounds like it is detonating or has preignition. The sound you hear is a bad ..."
engine blown sounds,wtd1UVcF5f4,Porsche 911 Turbo Tunnel Run *Engine Blows Up!*,
engine blown sounds,leaQOD23zGY,Blown spark plug - sound and driving symptoms,Video shows what a vehicle with a blown spark plug sounds like idling and at highway speeds. We look at a blown spark plug ...
engine blown sounds,4GSBOzfnGIA,What A Blown Up 3.8 Liter GM Engine Sounds Like (not good),"This is a 2002 Firebird with a 3.8 liter V6 engine, one day it randomly blew 2 holes in the engine block and started making this ..."
engine blown sounds,ga7Q8F3l5y0,BLOWN MOPAR - IDLE FROM HELL,Shane Catalano's tyre shredding Blown Small Block Mopar has an Idle that will make any petrol head drool.. Entering a car show ...
engine blown sounds,qcLoGoaBjDA,how to Toyota 2c engine blow checking ang engine sounds checking,Toyota 2c engine How to Toyota 2000cc engine How to diesel engine blow checking How to 2c engine smoke check Toyota 2c.
engine blown sounds,Rp11XtkDTok,Toyota Supra 2JZ turbo/blow-off sound,Japfest 2016.
engine blown sounds,tobjrtV9dGY,Mercedes C63s AMG Burnout fail results in engine blowing up,
engine blown sounds,m_dNxOt612I,Blown Mazda Engine,Major rod knock in my 2005 Mazda 3 Sport GT. This is a lesson to parents who give kids exclusive access to a car - make sure ...
engine blown sounds,8HRnah-wi6s,Both of the ae86&#39;s engine blow Initial D,RIP 20V 4age 2nd stage-final stage.
engine blown sounds,zgjk6yggiik,What It Sounds Like Driving With a Blown Out Spark Plug Ford 5.4L 2002 F150,My Favorite Tool: https://amzn.to/3NIFJuO Ford F150 Shop Manuals: https://amzn.to/3wIcJgQ Tools We Recommend: ...
engine blown sounds,Zox04tYfNSI,Revving Engine Till It blows up #shorts,engine running flat out. I wanted to hear my new exhaust but now it won't start. like this video so I can afford spark plugs.
engine blown sounds,aIWW0oADSz0,Turbochargers: Signs of Failure | Highway and Heavy Parts,BUY HHP TURBOCHARGERS TODAY!!! https://tinyurl.com/bdzk8x47 Get the right Turbocharger for your engine & speak to one of ...
engine blown sounds,Yw5F0BLclNk,This is what rod knock sounds like. Blown nissan Altima 2.5l engine.,
engine blown sounds,nU6Y7DYE_fw,Kohler Command 25 V Twin Blown Head Gasket Sound.,"Making a puffing noise at right cylinder. Still runs smooth, Burnt plug on effected cylinder and power loss."
engine blown sounds,ZSPtWqjj7Ig,Alcohol blown big block,Blower surging.
engine blown sounds,ZDihm6LOka4,"EVER WONDERED WHAT A BLOWN SMALL BLOCK SOUNDS LIKE AT 9,000RPM!!",Matt James brings all of the revs to the Burnout Masters at Summernats 32 in his Screaming 340 Cube Small Block Chev powered ...
engine blown sounds,xqpD7KnwWg4,BENZ W202 AMG sound/blow engine/3 cylinder running/indestructible engine,The last day for my benz ! The engine crashed at 130 km/h because has running without oil. In this video piston 1 doesn't have all ...
engine blown sounds,2odNjpcAdxk,GT500 blown engine exhaust sound,"Blown engine start up and exhaust idle, longtubes, off-road Xpipe, and borla mufflers."
engine blown sounds,SnFSpGf1hIE,What A Lamborghini Sounds Like Right Before The Motor Blows Up,I shot this video just before engine went kaboom. It was in very bad shape as you can probably hear. Subscribe to stay up to date ...
engine blown sounds,bLDQyS4GkzM,Ferrari F1„ÄÄ V10 sounds  +Engine blow,cornes circuit experience 2017 Ferrari F1 310 v10 #FERRARI310 #F1 #FERRARIF1 #V10sound.
engine blown sounds,WaOROaWf0DQ,Blown Alcohol Chevy,"Randy Letcher Built 468, 871 blower, full roller motor on alky, for K-034."
engine blown sounds,SxAeVLu16HA,Engine Knock Sound? Is it Blown!? 1978 Firebird Formula Engine Noise,"Our 1978 Pontiac Firebird Formula started to develop what seems to be an engine knock sound. The question remains, is it blown ..."
engine blown sounds,QA7KVQq9vKA,How to Tell if Your Head Gasket is Blown,Head gasket blown test. How to tell if your car's head gasket is blown DIY with Scotty Kilmer. How to tell if your head gasket is ...
engine blown sounds,fK57namo59A,"Clicking, Tapping Engine Noise? Try This Trick Before Replacing AFM Lifters! #shorts","For More Info visit us at: http://1aau.to/h/cPx/ Do you have a GM V8 engine that's starting to make that rattling, tapping, or clicking ..."
engine blown sounds,02l90AWMx_w,Dodge Ram Crazy Turbo Blow Off Valve,"Like, Comment, Subscribe for more car content! Pretty surprising sound TBH, Philly rednecks at it again."
engine blown sounds,umbcLKOL3gY,How to blown a engine of yamaha mt 07 ü§îüò≠,
engine blown sounds,xDn_F5GCYt8,BLOWING UP MY GOLF MK7.5R ENGINE,
engine blown sounds,O7e5Q0ooO7o,GSXR 600 Blows Engine?,Turns out one of the spark plugs I replaced backed out overtime (because I did not tighten one good enough) and I had to have a ...
engine blown sounds,5OnYOdEFi4s,"Monza 2011, Red Bull blown diffuser","The sound of blown diffuser. Monza 2011, Red Bull."
engine blown sounds,hA_fT7P4KQo,Blown Head Gasket cold start,this car has a blown head gasket.
engine blown sounds,ng0AoSlf0AI,What Causes Blower Surge? (The Answer With Visual Explanation) - Blown Alcohol 454 Big Block Chevy,A visual explanation of this phenomenon. Blower surge is caused by the air moving past the butterflies on the injector hat.
engine blown sounds,4kb16uNxWD4,Mercedes C63 AMG Turbo Sounds with Blow-Off Valve Spacers Installed!,Listen to this Twin-Turbo V8 Mercedes-Benz C63 with the Vivid Racing Blow-Off Valve Spacers Installed. The VR Performance ...
engine blown sounds,V6bWnvTt0MA,Blown Head Gasket,
engine blown sounds,xOrk-VEOD0E,Sebastian Vettel - Monza 2011 Parabolica - Blown diffuser sound,"Shot from the top of the 21C grandstand. Vettel romps to victory ahead of Button, Alonso, Hamilton and Schumacher. The sound ..."
engine blown sounds,KFs2tL3K2Uk,350 chevy blows up after full rebuild. First start,350 chev motor blows up after full rebuild cause to the motor throwing a rod was because 1 main cap bold was not torqued and ...
engine blown sounds,K_ZrPb_kfj8,Blown Rod Noise on a Mower???,This is the kind of thing I see all the time when repairing neighbourhood mowers.
engine blown sounds,6amx8jVofzw,Honda 1.5t blown turbo,
engine blown sounds,8l5n5DnLk1Q,My engine blew up again,
engine blown sounds,JziU5RKLMpY,Blow Off Sound Diesel Through Exhaust,
engine tick sound,fK57namo59A,"Clicking, Tapping Engine Noise? Try This Trick Before Replacing AFM Lifters! #shorts","For More Info visit us at: http://1aau.to/h/cPx/ Do you have a GM V8 engine that's starting to make that rattling, tapping, or clicking ..."
engine tick sound,cF6pJB7t8uw,"If you hear that lifter tick, you must quit‚Ä¶. Driving it! #cartips",
engine tick sound,Bad9JIBFoOI,What Does Engine Knock /Rod Knock Noise Sound Like? - Watch and Listen!,Listen to what an engine knock/rod knock sounds like on any combustion engine. The difference between an engine knock and a ...
engine tick sound,TZzekJOiGJA,Engine ticking noise at idle,Timing chains were stretched and guides were almost gone... see my other video for further info...
engine tick sound,Sbypeije6gQ,GM 5.3 Liter Ticking Noise. It&#39;s not what you think it is,"It's not the cam or lifters . It's not anything mechanical !! lifter tick noise , 5.3 lifter tick noise Budget friendly, professional style ..."
engine tick sound,UqLXwN2GNeU,How to Fix Rattling Engine Noise in Your Car,"Engine rattling noise. How to fix rattling engine noise in your car, DIY with Scotty Kilmer. How to fix your car when it rattles with the ..."
engine tick sound,_eXeEnENR-8,is this an engine knock sound?,
engine tick sound,ZSRpdY2bjY4,What Lifter Tap Sounds Like,"In this video I'll show you what ""lifter tap"" sounds like. Lifter tap is a pretty common issue on vehicles that use hydraulic lifters."
engine tick sound,JlJF19RYUt8,How to stop engine knock or ticking with Lucas TB Zinc plus,How to stop engine noise & how to use Lucas oil TB Zinc plus ZDDP oil additive. engine break in additive to stop engine wear or ...
engine tick sound,oby7pZpzdkk,WARNING. Best time to fix 3.6 Pentastar ticking noise. MAY NOT NEED CAMSHAFTS. Stay tuned for fix.,"Please NOTE: The bulk of my time in the comment section is spent on comments and questions from SUBSCRIBERS, If you not ..."
engine tick sound,Ac4wwVjxRBE,How To Tell If Your Car Engine Is Knocking,"In this video, I tell you how to tell if your car engine is knocking. Many people hear various noises coming from their car engine, ..."
engine tick sound,i0xPKTsG2ME,Causes of Knocking Sound in Engine While Idling,The causes of why an engine makes a knock noise when it is idling. Mechanical Knock or Detonation Knock Mechanical Knock: A ...
engine tick sound,dWrIM3znv1s,Hyundai Infamous Ticking/Tapping Noise Resolved,"Mysterious Ticking ,Knocking, Tapping Noise From Engine Valve Cover area explained:) In this video shown 2013 Hyundai ..."
engine tick sound,D7fmAJHYrmI,07 Chevy Tahoe ticking? Here‚Äôs why,Surprise collapsed lifter good thing I got the extended warranty.
engine tick sound,74HuLRCBeBo,Knocking Noise In Engine - Simple Fix for FREE,There was a knocking noise in my engine. Why is my engine making a knocking noise? I was able to fix mine for FREE $0!
engine tick sound,FX9ArX9Nldc,GM Lifter Tick #shorts,
engine tick sound,ZNfAyCUze_s,A Clicking Noise in a Car After an Oil Change : Car Repair Tips,"If you hear a clicking noise in your car after an oil change, this could be the result of a few key things. Learn what to do if you hear ..."
engine tick sound,KdGA1vlmB4A,What Engine Knock (Rod Knock) Sounds and Looks Like!,This is footage from my small block chevy 350 that recently spun the #3 rod bearing. This video shows the common knock or tick ...
engine tick sound,3yFjGsM04m4,HEMI Tick sound / noise. Lifter or Exhaust?,This is one of the most common issues with the 5.7 Hemi Ram engines. Over time the heat cycling and expansion and contraction ...
engine tick sound,N63tJ6s0qkg,DIY Engine Ticking Noise Fix GMC Arcadia,Full Video: https://www.youtube.com/watch?v=U9eD7QleBmY.
engine tick sound,IRcZo89RJzI,Ticking or Knocking Engine,"Ticking or knocking engine. It's normal for an engine to make some ticking noises, but knocking noises are a sign of internal ..."
engine tick sound,Y9fd1QkfvPQ,2003 BMW 330ci e46 engine ticking noise,"Have an 03 e46 330ci with manual transmission. This tick has come and gone the past few weeks, sometimes it's during coldstarts ..."
engine tick sound,GwxaAsI0k7c,Audi A3 engine clicking/ticking noise,
engine tick sound,ChhHs0ZBfWU,5 of the Worst Sounds Your Car Can Make,"The sounds your car makes can tell you a lot about what's going on under the hood. Problems like a bad CV joint, flooded engine, ..."
engine tick sound,kBWXxWD7g30,Engine knocking sounds,"Help wanted!! After service this knocking sounds started. I was in couple service, and they didn't know what is it!! I haven't found ..."
engine tick sound,maZyPJIOknE,Engine Knock Sound - Explained,What is the knocking sound coming from my engine? What is engine knock? Why is my engine making a knocking noise? Engine ...
engine tick sound,8BMWZ1uH0Ms,Kawasaki 2019 Ninja 400 engine ticking noise,Kawasaki 2019 Ninja 400 engine ticking noise.
engine tick sound,jEnErTFhuDU,Dodge/Chrysler 3.5L V6 Engine Ticking Noise EXPLAINED - WHAT IS IT? + HOW TO FIX,Video today just explaining the ticking noise that many Chrysler/Dodge 3.5L V6 engines have (usually from 2006-2010).
engine tick sound,PIJZqd2CY6g,loud ticking noise v6 mustang 2014 dont know whats wrong,help car my car is making a ticking noise need help asap.
engine tick sound,_HFlwM_rFLw,What&#39;s That Ticking Noise in My Engine?,"Thank you for watching. If you have not already, please support this channel by liking this video, subscribing to this channel and ..."
engine tick sound,gs6ee0DQkds,5.7 hemi ticking noise part1,
engine tick sound,zJCzY175AG0,"WARNING. If you hear this noise, ITS NOT YOUR HEMI MOTOR. No Cam and Lifters needed. #JTtheCarGuy","Please NOTE: The bulk of my time in the comment section is spent on comments and questions from SUBSCRIBERS, If you not ..."
engine tick sound,-YhcRRQbNao,Gen 5 DD engine ticking noise.  Engine knocking.Guess where it‚Äôs coming from.,Brand new engine. 30k miles and needing some love. Can you hear the loud ticking form the eng. Guess where its coming from.
engine tick sound,mkZCF9azVOs,Ford Vehicle Noises #6: 4.6L &amp; 5.4L Engine Tick Noise Cold Startup,The old manifold will be warped so when repairing this concern be sure to install a new manifold kit as shown Here- (check fitment ...
engine tick sound,mUlB0GLV9OE,5.3 lifter tick? Check your rockers. Don‚Äôt buy snake oil lol.,The new rocker cost less than some of the liquid fix lol.
engine tick sound,BZwmet0t3g0,chevy 350 engine tick,replaced header gaskets and installed copper collector gaskets at the connection to the exhaust pipes but no help on the ticking ...
engine tick sound,G5NQPm8XMnM,Jeep 4.0 rocker noise top end tick,Had a top end noise turned out the rocker arm/rocker arm pivot bolts just backed out a little over time wanted to take a video of ...
engine tick sound,dXDcVqmQa_I,Sounds like a Rod Knock but it&#39;s NOT. Get a second opinion!,
engine tick sound,ptwjSqa7fiA,Promaster Engine Tick applies to all Pentastar V6 engines,Visit us in Barberton Ohio. ProMasters Only!
engine tick sound,SpJxvxcfzlA,Hyundai elantra engine knock ticking noise,Common issue on the 2011-2014 hyundai elantra with 1.8 liter and 2011-2014 hyundai sonota.
engine tick sound,J43zKC3hD7A,370z ticking/knocking noise,"What could this be?, is it normal? Bent rod?"
engine tick sound,msvsLLBayO0,2015 Toyota 4Runner engine tick sound,The infamous Toyota tick.. started at roughly 50000km.
engine tick sound,tWGFy-ZCPAc,F150 5.0 typewriter tick?,2017 f150 5.0 is this the classic typewriter tick or something else?
engine tick sound,V4V9Gn9Z04E,*SOLVED* Engine Tick 2012 Mustang GT Coyote 5.0 Engine,SOLVED* Was a rod bearing! Discovered it had developed a bottom end knock and pulled out a gnarly bearing. No crankshaft ...
engine tick sound,Y2tU8IV0ndU,BMW E46 Knock/tick noise need help on what it could be. Any ideas ?,
engine tick sound,AiaWpigJnYA,4 stroke dirt bike valve tick noise,2017 yz250f valve ticking noise. This was caused from a broken valve seat.
engine tick sound,y37Z4eIYZsA,5.0 ticking noise F150,
engine tick sound,aL5y26yO99k,How To Fix Hyundai Elantra Engine Ticking Noise VERY EASY,"Engine ticking, clicking or knocking seems to be common problem on Hyundai Elantra and Elantra GT's made from 2011 to 2014."
engine tick sound,mAOyl7bIjT0,How I fixed my KNOCKING and PINGING engine for $7 dollars!,Replacing an engine is scary. You might as well replace the whole car. (depending on how old your car is) Here is how I stopped ...
engine tick sound,1fKZbeTxi0U,Engine knocking sound,
engine Clicking Noise,fK57namo59A,"Clicking, Tapping Engine Noise? Try This Trick Before Replacing AFM Lifters! #shorts","For More Info visit us at: http://1aau.to/h/cPx/ Do you have a GM V8 engine that's starting to make that rattling, tapping, or clicking ..."
engine Clicking Noise,Bad9JIBFoOI,What Does Engine Knock /Rod Knock Noise Sound Like? - Watch and Listen!,Listen to what an engine knock/rod knock sounds like on any combustion engine. The difference between an engine knock and a ...
engine Clicking Noise,cF6pJB7t8uw,"If you hear that lifter tick, you must quit‚Ä¶. Driving it! #cartips",
engine Clicking Noise,TZzekJOiGJA,Engine ticking noise at idle,Timing chains were stretched and guides were almost gone... see my other video for further info...
engine Clicking Noise,UqLXwN2GNeU,How to Fix Rattling Engine Noise in Your Car,"Engine rattling noise. How to fix rattling engine noise in your car, DIY with Scotty Kilmer. How to fix your car when it rattles with the ..."
engine Clicking Noise,Sbypeije6gQ,GM 5.3 Liter Ticking Noise. It&#39;s not what you think it is,"It's not the cam or lifters . It's not anything mechanical !! lifter tick noise , 5.3 lifter tick noise Budget friendly, professional style ..."
engine Clicking Noise,74HuLRCBeBo,Knocking Noise In Engine - Simple Fix for FREE,There was a knocking noise in my engine. Why is my engine making a knocking noise? I was able to fix mine for FREE $0!
engine Clicking Noise,ZNfAyCUze_s,A Clicking Noise in a Car After an Oil Change : Car Repair Tips,"If you hear a clicking noise in your car after an oil change, this could be the result of a few key things. Learn what to do if you hear ..."
engine Clicking Noise,i0xPKTsG2ME,Causes of Knocking Sound in Engine While Idling,The causes of why an engine makes a knock noise when it is idling. Mechanical Knock or Detonation Knock Mechanical Knock: A ...
engine Clicking Noise,dWrIM3znv1s,Hyundai Infamous Ticking/Tapping Noise Resolved,"Mysterious Ticking ,Knocking, Tapping Noise From Engine Valve Cover area explained:) In this video shown 2013 Hyundai ..."
engine Clicking Noise,N63tJ6s0qkg,DIY Engine Ticking Noise Fix GMC Arcadia,Full Video: https://www.youtube.com/watch?v=U9eD7QleBmY.
engine Clicking Noise,GwxaAsI0k7c,Audi A3 engine clicking/ticking noise,
engine Clicking Noise,ZSRpdY2bjY4,What Lifter Tap Sounds Like,"In this video I'll show you what ""lifter tap"" sounds like. Lifter tap is a pretty common issue on vehicles that use hydraulic lifters."
engine Clicking Noise,oby7pZpzdkk,WARNING. Best time to fix 3.6 Pentastar ticking noise. MAY NOT NEED CAMSHAFTS. Stay tuned for fix.,"Please NOTE: The bulk of my time in the comment section is spent on comments and questions from SUBSCRIBERS, If you not ..."
engine Clicking Noise,JlJF19RYUt8,How to stop engine knock or ticking with Lucas TB Zinc plus,How to stop engine noise & how to use Lucas oil TB Zinc plus ZDDP oil additive. engine break in additive to stop engine wear or ...
engine Clicking Noise,ylxO_SslQIY,Cruze 1.4L Purge Valve - Engine ticking / clicking noise,I started hearing an abnormal ticking noise on my 2013 Chevrolet Cruze and it seems to be coming from a bad Purge Valve.
engine Clicking Noise,_HFlwM_rFLw,What&#39;s That Ticking Noise in My Engine?,"Thank you for watching. If you have not already, please support this channel by liking this video, subscribing to this channel and ..."
engine Clicking Noise,lgsyD5ipAM0,Cummins 6.7L Engine Noise | Ticking - Clicking | Valves?,This is a short shot of a Dodge Ram with a 6.7L Cummins running but has the infamous clicking/ticking noise. Painting the Engine ...
engine Clicking Noise,zAGDsXB8T3A,Popping noise when accelerate,
engine Clicking Noise,IRcZo89RJzI,Ticking or Knocking Engine,"Ticking or knocking engine. It's normal for an engine to make some ticking noises, but knocking noises are a sign of internal ..."
engine Clicking Noise,Ac4wwVjxRBE,How To Tell If Your Car Engine Is Knocking,"In this video, I tell you how to tell if your car engine is knocking. Many people hear various noises coming from their car engine, ..."
engine Clicking Noise,y9VCkP9AtlM,Engine Loud knocking Noise Solved!,Engine Loud knocking Noise Solved! #rashorts #rareacts #rafixes.
engine Clicking Noise,jEnErTFhuDU,Dodge/Chrysler 3.5L V6 Engine Ticking Noise EXPLAINED - WHAT IS IT? + HOW TO FIX,Video today just explaining the ticking noise that many Chrysler/Dodge 3.5L V6 engines have (usually from 2006-2010).
engine Clicking Noise,bGFsR74O57I,Engine Ticking Sound On Startup - 2016 Dodge Ram 1500 5.7L,This has the HEMI tick. Drivers side exhaust manifold needs to be replaced along with the studs. When you click on links to ...
engine Clicking Noise,ChhHs0ZBfWU,5 of the Worst Sounds Your Car Can Make,"The sounds your car makes can tell you a lot about what's going on under the hood. Problems like a bad CV joint, flooded engine, ..."
engine Clicking Noise,Nht_T4DRk3Y,Troubleshooting Strange Ticking Noises in the Front of Your Engine,"This one could drive you crazy trying to find it as it may often ""come and go."" I have seen this happen a few times over the years ..."
engine Clicking Noise,mAOyl7bIjT0,How I fixed my KNOCKING and PINGING engine for $7 dollars!,Replacing an engine is scary. You might as well replace the whole car. (depending on how old your car is) Here is how I stopped ...
engine Clicking Noise,mkZCF9azVOs,Ford Vehicle Noises #6: 4.6L &amp; 5.4L Engine Tick Noise Cold Startup,The old manifold will be warped so when repairing this concern be sure to install a new manifold kit as shown Here- (check fitment ...
engine Clicking Noise,Rt499U8VDs0,Here Is Why Your Car Engine Makes Rapid Clicking Noise When To Start,Car Engine makes rapid clicking noise when starting ( no start ) Welcome to LX GUIDE. If you're trying to start your vehicle and the ...
engine Clicking Noise,qvWlNx-B8Xo,Honda 2.4 ticking noise.,Oil pump - balance shaft noise.
engine Clicking Noise,dB7WDLEAstU,Corolla 2016 engine clicking noise 2NZ-FE,Its new corolla available on Pakistan it has 2NZ-FE engine 2016 model Toyota dealers Couldn't find the problem keep the car few ...
engine Clicking Noise,zPshxx-zxcQ,Audi S4 B9 clicking/ticking noise while accelerating - part 1,Status 11.05.2022. The clicking/ticking noise occurs between 1000 RPM and 2000 RPM until gear 8. Its frequency changes with ...
engine Clicking Noise,8-5ckDSkxwk,Mechanic Failed to Diagnose the Clicking noise on cars wheel ü§£ Prank,
engine Clicking Noise,5IGS_HEz2YQ,2017 tacoma trd off road engine ticking/clicking noise,Not sure if this sound is normal. Sound like it is coming from this part of engine.
engine Clicking Noise,BJrQQBqmeGE,Popping Noise in Ford 5.0 Engines,The diagnosis and fix for the dreaded popping (popcorn maker) noise on acceleration in 2018 and newer Ford 5.0-Liter Engines.
engine Clicking Noise,lJS84f0kjg0,Car Makes Click Click Click Noise as you drive,"Due to factors beyond the control of RB The Mechanic, it cannot guarantee against unauthorized modifications of this information."
engine Clicking Noise,lXj3nVybC44,JL Wrangler Metal Clicking/Rattling Noise when Acceleration,"Noise @ 8s mark 25-35 Mph @ 4th gear, Trans Temp @ 130."
engine Clicking Noise,3yFjGsM04m4,HEMI Tick sound / noise. Lifter or Exhaust?,This is one of the most common issues with the 5.7 Hemi Ram engines. Over time the heat cycling and expansion and contraction ...
engine Clicking Noise,i-IjEOA7IdU,2018 brz ticking noise. Normal? Or a possible issue?,
engine Clicking Noise,-YhcRRQbNao,Gen 5 DD engine ticking noise.  Engine knocking.Guess where it‚Äôs coming from.,Brand new engine. 30k miles and needing some love. Can you hear the loud ticking form the eng. Guess where its coming from.
engine Clicking Noise,vpvD32qwMqc,2017 Civic si engine loud noise ticking and comparison,2017 Honda civic si engine noise and comparison. First one is my car which has 600 miles but sounded like this from the get go ...
engine Clicking Noise,v6LBnLtO0LA,2015 chrysler 300 engine tapping noise,Want to own the tools I use ?? Click on the amazon link below to get my top 5 Tools I use** Automotive Test Light- ...
engine Clicking Noise,_eXeEnENR-8,is this an engine knock sound?,
engine Clicking Noise,Kpbgmswmkf4,"Audi A3, S3 GTI Golf R, Engine knocking sound - Camshaft oil actuator",I was chasing this sound and eventually was able to fix this - something the dealerships and repair shops could not diagnose.
engine Clicking Noise,sCMHUhpQrW8,Toyota Tundra 5.7 Ticking Noise - Bad Timing Chain Tensioner - Always Replace Your Tensioners!,
engine Clicking Noise,ignLPJcl1aw,2.0T FSI Clicking Noise at the Front of Engine (Bad N80 Valve),"This video will show you what a bad N80 valve sounds like, as well as where it is located on a 2.0T FSI engine. This should help ..."
engine Clicking Noise,oFlIUVrvpys,Car AC/Heater fan clicking noise comparison (blower motor bad bearing),This video is meant to help with diagnostics; this is an example of a bad bearing. For instructions on the procedure search youtube ...
engine Clicking Noise,AjqpT62eZZU,Corsa vxr engine knocking tapping noise,Here's the engine knock goes faster when you rev the engine only between 1k-2k and you can hear it most when revs are ...
engine Clicking Noise,KdGA1vlmB4A,What Engine Knock (Rod Knock) Sounds and Looks Like!,This is footage from my small block chevy 350 that recently spun the #3 rod bearing. This video shows the common knock or tick ...
engine Clicking Noise,Bm0XkHNRPE8,2017 Dodge Caravan 3.6 engine tap and ticking noise,Customer concern was ticking noise. Noticed the noise coming from the rear bank(right) around cylinder 1&3. No diagnostic ...
engine rattle noise,qWsZnBamXa8,Engine  Rattle Noise on StartUp Fixed,
engine rattle noise,UqLXwN2GNeU,How to Fix Rattling Engine Noise in Your Car,"Engine rattling noise. How to fix rattling engine noise in your car, DIY with Scotty Kilmer. How to fix your car when it rattles with the ..."
engine rattle noise,OTeg2CUB5NE,Top 8 Reasons for an ANNOYING Engine Rattle!,Here is a quick video that could show you what is making that annoying rattle under your hood! This list is in most popular to least ...
engine rattle noise,eHYxg9phaXA,Engine Rattling Noise? (EASY FIX!!),"Engine Rattling Noise? (EASY FIX!!) (As an Amazon Affiliate, I earn from qualifying purchases) How-to: DIY If your car engine is ..."
engine rattle noise,EOtBoOn0hEI,Rattling noise inside engine!  Timing chain loose. Prius,"I recently replaced the timing chain in a Prius due to the annoying rattling noise, here you can see a loose chain that's suppose to ..."
engine rattle noise,vqUx0z6IekQ,Engine Rattle Sound on Cold Start Up 2014 Toyota Highlander 3.5L,HI Everyone: This video is to verify a engine rattle sound when you start it up cold. We verified this sound 1 minute and 50 ...
engine rattle noise,H9TDHevZgQU,Engine Noise Rattle (solved),Turns out it was the mounting bolt of the alternator; it was loose enough to produce a rattle sound.
engine rattle noise,LC3I_IN3upE,Engine knock &amp; rattle: accessory belt pulleys or engine internals?,"After replacing the accessory belt and idler/tensioner pulleys, this Ford Duratec HE developed an annoying knock or rattle under ..."
engine rattle noise,WqRcWx0WnMw,Audi A3 (8P) 2010 - 1.6 TDI - Loud rattling noise when accelerating,So my car makes this weird rattling noise when I accelerate or when I'm driving on a low rpm (you can see and hear when I ...
engine rattle noise,fK57namo59A,"Clicking, Tapping Engine Noise? Try This Trick Before Replacing AFM Lifters! #shorts","For More Info visit us at: http://1aau.to/h/cPx/ Do you have a GM V8 engine that's starting to make that rattling, tapping, or clicking ..."
engine rattle noise,Bad9JIBFoOI,What Does Engine Knock /Rod Knock Noise Sound Like? - Watch and Listen!,Listen to what an engine knock/rod knock sounds like on any combustion engine. The difference between an engine knock and a ...
engine rattle noise,cF6pJB7t8uw,"If you hear that lifter tick, you must quit‚Ä¶. Driving it! #cartips",
engine rattle noise,gVUmdZJKgP4,Find The Rattling Sound/ Noise Under Your Car,If you have metal rattling noise when starting your vehicle or when accelerating. Watch this video on how to locate and fix the ...
engine rattle noise,sKIxRo8gqfY,2012 Toyota Camry rattling noise from the right side of the engine.,
engine rattle noise,dP9MXewCpT0,C220 CDI 2011 - W204 - Loud Engine Rattle Noise on Start Up,Loud rattle from engine. Is this the chain rattle noise?
engine rattle noise,pM32DoiCFi4,Solution for Rattling Noise in Cars #motowagon #carfacts #cartips #carlover,
engine rattle noise,6eDgUUslD04,Engine Rattle Noise Issue!Santafe/Genesis 3.8L #tiktok #tiktokvideo #tiktokvideo,
engine rattle noise,E8D-PvsgkxM,"Low Engine Oil!!! (I ALMOST Destroyed My Car) Honda Accord, CR-V, Civic, TLX","0w-20 Synthetic Oil, & Useful items for my (2013-2017) Honda Accord on my Amazon affiliate Storefront here: ..."
engine rattle noise,lXj3nVybC44,JL Wrangler Metal Clicking/Rattling Noise when Acceleration,"Noise @ 8s mark 25-35 Mph @ 4th gear, Trans Temp @ 130."
engine rattle noise,sdXSrTyJMuk,Check this Toyota Camry Engine Rattle Noise and What I did before you change your Water Pump.,Watch the short video on how I saved money on buying a new water pump and pulley for my Toyota Camry 2.5 VVTI engine.
engine rattle noise,74HuLRCBeBo,Knocking Noise In Engine - Simple Fix for FREE,There was a knocking noise in my engine. Why is my engine making a knocking noise? I was able to fix mine for FREE $0!
engine rattle noise,q29-2eIy_Ws,"2018 Ford Mustang GT350 Engine Rattle Noise / Piston Slap 2,000-3,000 RPM","Notice the rattle noise at 0:04-0:06, 0:15, 0:19. Ford claims that this is within spec: SSM 46173 states that some 2016-2017 GT350 ..."
engine rattle noise,ChhHs0ZBfWU,5 of the Worst Sounds Your Car Can Make,"The sounds your car makes can tell you a lot about what's going on under the hood. Problems like a bad CV joint, flooded engine, ..."
engine rattle noise,i0xPKTsG2ME,Causes of Knocking Sound in Engine While Idling,The causes of why an engine makes a knock noise when it is idling. Mechanical Knock or Detonation Knock Mechanical Knock: A ...
engine rattle noise,LRWPHKXBgmY,Honda (civic type r) engine rattle noise? - Now Fixed!,"I have this rattle on my car you can really hear it after around 1.13 ONLY happens when the engine is warm, first 10 mins or so the ..."
engine rattle noise,N4G-vHvL4Us,Rattle Noise After Throttle Body Cleaning on Camry,I heard some intermittent rattling after cleaning the throttle body and putting everything back in place. It was the air intake ...
engine rattle noise,K0Q-Vt-hhhA,Why Is My Car Rattling While Accelerating?,"""Why Is My Car Rattling While Accelerating? Watch more videos for more knowledge Rattle when Accelerating - YouTube ..."
engine rattle noise,yKUQrXgOC2M,"Solving Engine Rattle during Engine Startup on Toyota Highlander,RAV4,Camry,Sienna and Venza","This Video shows an Alternate Method for Solving the Engine Rattle Noise found on some 2008-2011 Toyota Highlander, RAV-4, ..."
engine rattle noise,qIlHnd39iHU,"!Solved! Scion FRS, Subaru BRZ, Toyota GT86 engine rattle noise *after warm up","This infrequent noise is heard after car is well warmed up, about 20 min of driving. Consistently appearing and not worsening or ..."
engine rattle noise,740VKNA6X3U,Ford Fiesta 1.4 TDCI engine rattle noise - pulley defect,Diagnoza stukania silnika w Fordzie Fiesta 1.4 TDCI. / Diagnosis of engine rattle noise in Ford Fiesta 1.4 TDCI.
engine rattle noise,s2pzf8Ydz1k,"Mercedes rattle noise c220 2011 w204 cold start, Timing chain",
engine rattle noise,o-7e6fXDFeM,"BMW N52 engine rattle noise. 2A82,2A98 fault code",
engine rattle noise,1yd2wiqsR9k,Honda engine rattle noise FIXED!,VVT actuator causing a rattle noise when cold start the car in the mornings. Don't get ripped of by anyone saying it needs chains ...
engine rattle noise,e2yOQ4ECdoE,Honda pilot rattle noise,Honda pilot rattle noise faulty timing belt hydraulic tensioner.
engine rattle noise,8GRb-Ms1thg,BMW N55 engine rattle,Car: 2015 435i EWG 50k km Noticed this ticking noise that sounds like metal on metal on idle and worsened by accceleration ...
engine rattle noise,A5_2WG1fQWI,mercedes cls350 m276 engine rattling rattle noise camshaft timing gear sound nockenwellenversteller,
engine rattle noise,mAOyl7bIjT0,How I fixed my KNOCKING and PINGING engine for $7 dollars!,Replacing an engine is scary. You might as well replace the whole car. (depending on how old your car is) Here is how I stopped ...
engine rattle noise,tCZ0FCEbvaU,engine rattle m54,
engine rattle noise,cRHuTlJB4UU,Porsche 991 Engine Rattle,Callas Rennsport Porsche engine noise rattle.
engine rattle noise,QOY6Or0RbHs,2016 Toyota Tundra Engine Rattle,I have a 2016 Toyota Tundra with 93k miles on it. The engine is making this rattle which I believe is coming from the timing chain.
engine rattle noise,oIAnmfYLMRk,Triumph street triple 5500 RPM engine rattle pinging  noise,A 2015 street triple has a rattling pinging sound from 5200 to 5700 RPM. Wondering if it's a normal sound or not.
engine rattle noise,jpoY-0qNdXg,How to Fix Engine Rattle Noise #mercedes #c250 #c300 #w204 #c200 #c180 #shorts #viral #fyp #video,
engine rattle noise,CPxMjCIxa6A,Jeep Wrangler jk 3.8 engine rattle noise normal or not ?,My 09 jeep wrangler jk make a rattle or knocking noise when idle and when accelerating is this normal or not ? Does ur jk sound ...
engine rattle noise,OGFq6JqFG5E,2019 accord 1.5 turbo  rattle noise on acceleration at idle,
engine rattle noise,7ArDe2XVrSI,Honda Accord 2.4 2006 engine rattle,Rattling only appears during idle when in D or R position so under heavy load. What could it be? All ok when driving. In video car ...
engine rattle noise,Z-bqrOWRtRw,BMW R1250GS (Adventure) Left Cylinder Noise / Ticking / Rattle (Original engine),"Seems I'm not the only person who has experienced this, in some cases it's been deemed ""normal"" but others have had complete ..."
engine rattle noise,FrtuTFcejLs,Mercedes Benz C class W205 220cdi engine rattle sound -SOLVED,"The problem is in the part between the two turbos, the part looks like a ""mushroom"" with a spring and it is inside the tube between ..."
engine rattle noise,uXRucQKh8ew,"X5 engine rattle, noise what is it?",This developed over night on my 2002 x5 4.4i auto sport. Its got 135k Miles on it. This sounds gets faster with rpm and is quite loud ...
engine rattle noise,jZw_u8hNpUo,Rattling noise at 1200-1400 rpm,"What is this rattling sound? It always heard between 1200-1400 rpm. Slightly louder when accelerating, but also when ..."
engine rattle noise,0VC7KI2WC00,Crazy Exhaust Rattle,
engine Ticking Noise,fK57namo59A,"Clicking, Tapping Engine Noise? Try This Trick Before Replacing AFM Lifters! #shorts","For More Info visit us at: http://1aau.to/h/cPx/ Do you have a GM V8 engine that's starting to make that rattling, tapping, or clicking ..."
engine Ticking Noise,cF6pJB7t8uw,"If you hear that lifter tick, you must quit‚Ä¶. Driving it! #cartips",
engine Ticking Noise,TZzekJOiGJA,Engine ticking noise at idle,Timing chains were stretched and guides were almost gone... see my other video for further info...
engine Ticking Noise,Bad9JIBFoOI,What Does Engine Knock /Rod Knock Noise Sound Like? - Watch and Listen!,Listen to what an engine knock/rod knock sounds like on any combustion engine. The difference between an engine knock and a ...
engine Ticking Noise,JlJF19RYUt8,How to stop engine knock or ticking with Lucas TB Zinc plus,How to stop engine noise & how to use Lucas oil TB Zinc plus ZDDP oil additive. engine break in additive to stop engine wear or ...
engine Ticking Noise,UqLXwN2GNeU,How to Fix Rattling Engine Noise in Your Car,"Engine rattling noise. How to fix rattling engine noise in your car, DIY with Scotty Kilmer. How to fix your car when it rattles with the ..."
engine Ticking Noise,Sbypeije6gQ,GM 5.3 Liter Ticking Noise. It&#39;s not what you think it is,"It's not the cam or lifters . It's not anything mechanical !! lifter tick noise , 5.3 lifter tick noise Budget friendly, professional style ..."
engine Ticking Noise,74HuLRCBeBo,Knocking Noise In Engine - Simple Fix for FREE,There was a knocking noise in my engine. Why is my engine making a knocking noise? I was able to fix mine for FREE $0!
engine Ticking Noise,oby7pZpzdkk,WARNING. Best time to fix 3.6 Pentastar ticking noise. MAY NOT NEED CAMSHAFTS. Stay tuned for fix.,"Please NOTE: The bulk of my time in the comment section is spent on comments and questions from SUBSCRIBERS, If you not ..."
engine Ticking Noise,dWrIM3znv1s,Hyundai Infamous Ticking/Tapping Noise Resolved,"Mysterious Ticking ,Knocking, Tapping Noise From Engine Valve Cover area explained:) In this video shown 2013 Hyundai ..."
engine Ticking Noise,ZSRpdY2bjY4,What Lifter Tap Sounds Like,"In this video I'll show you what ""lifter tap"" sounds like. Lifter tap is a pretty common issue on vehicles that use hydraulic lifters."
engine Ticking Noise,ZNfAyCUze_s,A Clicking Noise in a Car After an Oil Change : Car Repair Tips,"If you hear a clicking noise in your car after an oil change, this could be the result of a few key things. Learn what to do if you hear ..."
engine Ticking Noise,GwxaAsI0k7c,Audi A3 engine clicking/ticking noise,
engine Ticking Noise,ptwjSqa7fiA,Promaster Engine Tick applies to all Pentastar V6 engines,Visit us in Barberton Ohio. ProMasters Only!
engine Ticking Noise,bGFsR74O57I,Engine Ticking Sound On Startup - 2016 Dodge Ram 1500 5.7L,This has the HEMI tick. Drivers side exhaust manifold needs to be replaced along with the studs. When you click on links to ...
engine Ticking Noise,ChhHs0ZBfWU,5 of the Worst Sounds Your Car Can Make,"The sounds your car makes can tell you a lot about what's going on under the hood. Problems like a bad CV joint, flooded engine, ..."
engine Ticking Noise,_HFlwM_rFLw,What&#39;s That Ticking Noise in My Engine?,"Thank you for watching. If you have not already, please support this channel by liking this video, subscribing to this channel and ..."
engine Ticking Noise,N63tJ6s0qkg,DIY Engine Ticking Noise Fix GMC Arcadia,Full Video: https://www.youtube.com/watch?v=U9eD7QleBmY.
engine Ticking Noise,V4V9Gn9Z04E,*SOLVED* Engine Tick 2012 Mustang GT Coyote 5.0 Engine,SOLVED* Was a rod bearing! Discovered it had developed a bottom end knock and pulled out a gnarly bearing. No crankshaft ...
engine Ticking Noise,i0xPKTsG2ME,Causes of Knocking Sound in Engine While Idling,The causes of why an engine makes a knock noise when it is idling. Mechanical Knock or Detonation Knock Mechanical Knock: A ...
engine Ticking Noise,jEnErTFhuDU,Dodge/Chrysler 3.5L V6 Engine Ticking Noise EXPLAINED - WHAT IS IT? + HOW TO FIX,Video today just explaining the ticking noise that many Chrysler/Dodge 3.5L V6 engines have (usually from 2006-2010).
engine Ticking Noise,Nht_T4DRk3Y,Troubleshooting Strange Ticking Noises in the Front of Your Engine,"This one could drive you crazy trying to find it as it may often ""come and go."" I have seen this happen a few times over the years ..."
engine Ticking Noise,JAV_PnLI34E,"Why the engine on my car has a loud ticking noise,here is whyüëç",
engine Ticking Noise,Ac4wwVjxRBE,How To Tell If Your Car Engine Is Knocking,"In this video, I tell you how to tell if your car engine is knocking. Many people hear various noises coming from their car engine, ..."
engine Ticking Noise,IRcZo89RJzI,Ticking or Knocking Engine,"Ticking or knocking engine. It's normal for an engine to make some ticking noises, but knocking noises are a sign of internal ..."
engine Ticking Noise,3yFjGsM04m4,HEMI Tick sound / noise. Lifter or Exhaust?,This is one of the most common issues with the 5.7 Hemi Ram engines. Over time the heat cycling and expansion and contraction ...
engine Ticking Noise,zJCzY175AG0,"WARNING. If you hear this noise, ITS NOT YOUR HEMI MOTOR. No Cam and Lifters needed. #JTtheCarGuy","Please NOTE: The bulk of my time in the comment section is spent on comments and questions from SUBSCRIBERS, If you not ..."
engine Ticking Noise,FUP4zw_b6FA,BMW 340i F30 Engine noice &quot;ticking sound&quot; Is this normal?,"loud ticking sound, is that normal? Ticking goes away once the RPMs rise, but come right back when the RPMs drop #bmw #340i ..."
engine Ticking Noise,mAOyl7bIjT0,How I fixed my KNOCKING and PINGING engine for $7 dollars!,Replacing an engine is scary. You might as well replace the whole car. (depending on how old your car is) Here is how I stopped ...
engine Ticking Noise,aL5y26yO99k,How To Fix Hyundai Elantra Engine Ticking Noise VERY EASY,"Engine ticking, clicking or knocking seems to be common problem on Hyundai Elantra and Elantra GT's made from 2011 to 2014."
engine Ticking Noise,ryGL9g7zgUk,How To Fix Engine Lifter Tick | Easy and Cheap,Does your car or Miata have that infamous tick? Can we fix this tick with just a bottle of Sea Foam? Check out to see if this simple ...
engine Ticking Noise,vpvD32qwMqc,2017 Civic si engine loud noise ticking and comparison,2017 Honda civic si engine noise and comparison. First one is my car which has 600 miles but sounded like this from the get go ...
engine Ticking Noise,mkZCF9azVOs,Ford Vehicle Noises #6: 4.6L &amp; 5.4L Engine Tick Noise Cold Startup,The old manifold will be warped so when repairing this concern be sure to install a new manifold kit as shown Here- (check fitment ...
engine Ticking Noise,p0MYlXoWj2A,Engine knock or ticking stopped!!,how to stop engine knock or ticking with a simple solution without damaging your engine stop noise and sounds. what engine oil ...
engine Ticking Noise,LvPqvav2W8w,991.2 Engine Ticking Sound,The 991.2 engine makes a ticking sound when it is not completely warmed up.
engine Ticking Noise,MvrBMisz5pE,Engine ticking noise after turning off,Hey just wondering... recently purchased this car and after turn of the engine I get this weird ticking noise it stops after a while.
engine Ticking Noise,KdGA1vlmB4A,What Engine Knock (Rod Knock) Sounds and Looks Like!,This is footage from my small block chevy 350 that recently spun the #3 rod bearing. This video shows the common knock or tick ...
engine Ticking Noise,FX9ArX9Nldc,GM Lifter Tick #shorts,
engine Ticking Noise,qvWlNx-B8Xo,Honda 2.4 ticking noise.,Oil pump - balance shaft noise.
engine Ticking Noise,bdkEn57w_FU,370z purge valve ticking noise sound vq37zhr,
engine Ticking Noise,sCMHUhpQrW8,Toyota Tundra 5.7 Ticking Noise - Bad Timing Chain Tensioner - Always Replace Your Tensioners!,
engine Ticking Noise,3oln_k-qfAI,Mini Mods: Reduce the Engine Tick (Tacoma DIY / How To),I show you how I reduced the engine tick on my Tacoma! Find the products I use and many more FREE PRODUCTS FOR YOU on ...
engine Ticking Noise,R6EzygiSYw0,What is this ticking noise? ‚Äî 2020 Harley-Davidson Low Rider S - FXLRS - Milwaukee 8 - Lifters??,
engine Ticking Noise,pZwqZ6xwZC0,BMW ENGINE TICK TICKING KNOCKING NOISE FIXED!!!,ENGINE TICKING KNOCKING NOISE FIXED!!!
engine Ticking Noise,Bm0XkHNRPE8,2017 Dodge Caravan 3.6 engine tap and ticking noise,Customer concern was ticking noise. Noticed the noise coming from the rear bank(right) around cylinder 1&3. No diagnostic ...
engine Ticking Noise,-EfsS6X7b2M,8th Gen Honda Accord &#39;&#39;Engine Making Loud Ticking Noise&#39;&#39;,Hey guy's my 2008 Honda Accord Coupe has been making this very loud ticking noise and I have no idea what's causing it.
engine Ticking Noise,reAvS47tTYw,2010 C63 AMG Engine ticking noise,C63 engine sounds like there's something wrong does anyone know what causes that noise.
engine Ticking Noise,Nm-wRf7tlKU,2020 Jeep Gladiator engine ticking noise,2020 Jeep Gladiator engine ticking noise. 16000 miles. Normal or no?
engine Ticking Noise,DUYzqeEDOdA,The secret fix to the Tacoma&#39;s engine tick - Tim&#39;s Tacoma Garage,Dynamat Hoodliner: https://www.amazon.com/Dynamat-11905-Hoodliner-Self-Adhesive-Deadener/dp/B00069QLVC Instagram: ...
engine Ticking Noise,zPshxx-zxcQ,Audi S4 B9 clicking/ticking noise while accelerating - part 1,Status 11.05.2022. The clicking/ticking noise occurs between 1000 RPM and 2000 RPM until gear 8. Its frequency changes with ...
